V1;V2;V3;V4;V5;V6;V7;V8;V9;V10
23;440;FORTALEZA;65;MESSEJANA;9;50;2;1;": DO PONTO INICIAL SEGUE PELA ""AVENIDA JOSE LEON"" - ""RUA VICENTE LOPES"" - ""AVENI"
23;440;FORTALEZA;65;MESSEJANA;9;50;2;2;"DA OLIVEIRA PAIVA"" - ""RUA CHICO LEMOS"" - ""RUA HENRIQUE JUSTA"" - ""RUA CICERO"" - """
23;440;FORTALEZA;65;MESSEJANA;9;50;2;3;"RUA ESCRIVAO AZEVEDO"" - ""RUA JOAO MACIEL"" ATE O PONTO INICIAL"
23;440;FORTALEZA;65;MESSEJANA;9;51;2;1;": DO PONTO INICIAL SEGUE ATE A ""RUA GENERAL CASTELO BRANCO"" DAI ATE A ""RUA FERNA"
23;440;FORTALEZA;65;MESSEJANA;9;51;2;2;"NDES BENEVIDES"" DAI ATE A ""RUA MANOEL MONTEIRO"" (RUA NOVA JERUZALEM) DAI ATE A """
23;440;FORTALEZA;65;MESSEJANA;9;51;2;3;"AVENIDA JOSE LEON"" DAI ATE A ""RUA VICENTE LOPES"" ATE O PONTO INICIAL"
23;440;FORTALEZA;65;MESSEJANA;9;51;2;4;NaN
23;440;FORTALEZA;65;MESSEJANA;9;52;2;1;": DO PONTO INICIAL SEGUE ATE A ""RUA MANOEL MONTEIRO"" (RUA NOVA JERUZALEM) DAI AT"
23;440;FORTALEZA;65;MESSEJANA;9;52;2;2;"E A ""RUA FERNANDES BENEVIDES"" DAI ATE A ""RUA GENERAL CASTELO BRANCO DAI ATE A ""A"
23;440;FORTALEZA;65;MESSEJANA;9;52;2;3;"VENIDA OLIVEIRA PAIVA"" DAI ATE A ""RUA VICENTE LOPES"" ATE O PONTO INICIAL"
23;440;FORTALEZA;65;MESSEJANA;9;52;2;4;NaN
23;440;FORTALEZA;65;MESSEJANA;9;53;2;1;": DO PONTO INICIAL SEGUE ATE A ""RUA DOUTOR JOSE FURTADO"" DAI ATE A ""AVENIDA VIEN"
23;440;FORTALEZA;65;MESSEJANA;9;53;2;2;"A WEINE"" OU (JOAQUIM FROTA) DAI ATE A ""AVENIDA DEPUTADO JOAQUIM DE FIGUEREDO COR"
23;440;FORTALEZA;65;MESSEJANA;9;53;2;3;"REIA"" OU ""RUA MONSENHOR ANTERO"" ATE O PONTO INICIAL"
23;440;FORTALEZA;65;MESSEJANA;9;54;2;1;": DO PONTO INICIAL SEGUE ATE A ""AVENIDA DEPUTADO JOAQUIM FIGUEREDO CORREIA"" (RUA"
23;440;FORTALEZA;65;MESSEJANA;9;54;2;2;" MONSENHOR ANTERO) DAI EM UMA +RETA+ ATE A ""RUA CHICO LEMOS"" ATE O PONTO INICIAL"
23;440;FORTALEZA;65;MESSEJANA;9;54;2;3;NaN
23;440;FORTALEZA;65;MESSEJANA;9;55;2;1;": DO PONTO INICIAL SEGUE ATE A ""RUA CHICO LEMOS"" DAI SEGUE EM UMA +RETA+ ATE A """
23;440;FORTALEZA;65;MESSEJANA;9;55;2;2;"AVENIDA DEPUTADO JOAQUIM FIGUEREDO CORREIA"" (RUA MONSENHOR ANTERO) - :ESTRADA DO"
23;440;FORTALEZA;65;MESSEJANA;9;55;2;3;" SITIO CANABEBAI"" - ""AVENIDA DESEMBARGADOR GONZAGA"" ATE PONTO INICIAL"
23;440;FORTALEZA;65;MESSEJANA;9;55;2;4;NaN
23;440;FORTALEZA;65;MESSEJANA;9;56;2;1;": DO PONTO INICIAL SEGUE ATE A ""AVENIDA DESEMBARGADOR GONZAGA"" DAI ATE A ""RUA EN"
23;440;FORTALEZA;65;MESSEJANA;9;56;2;2;"FERMEIRO JOAQUIM PINTO"" DAI ATE A ""BR 116"" ATE O PONTO INICIAL"
23;440;FORTALEZA;65;MESSEJANA;9;57;2;1;": DO PONTO INICIAL SEGUE PELA ""RUA ESCRIVAO AZEVEDO"" - ""RUA CICERO"" - ""RUA HENRI"
23;440;FORTALEZA;65;MESSEJANA;9;57;2;2;"QUE JUSTA"" - ""RUA CHICO LEMOS"" - ""AVENIDA OLIVEIRA PAIVA"" - ""BR-116"" ATE O PONTO"
23;440;FORTALEZA;65;MESSEJANA;9;57;2;3; INICIAL
23;440;FORTALEZA;65;MESSEJANA;9;58;2;1;": DO PONTO INICIAL SEGUE PELA ""RUA TENENTE NICOLAU"" - ""RUA TEODOFREDO GOIANO"" -"
23;440;FORTALEZA;65;MESSEJANA;9;58;2;2;"RUA MONSENHOR HIPOLITO OU RUA DA AMIZADE - ""RUA DESEMBARGADOR GONZAGA"" - ""RUA"
23;440;FORTALEZA;65;MESSEJANA;9;58;2;3;"MARGARIDA QUEIROZ"" - ""RUA MELO CESAR"" - ""RUA ESCRIVAO AZEVEDO"" - ""BR-116"" ATE O"
23;440;FORTALEZA;65;MESSEJANA;9;58;2;4;PONTO INICIAL
23;440;FORTALEZA;65;MESSEJANA;9;59;2;1;": DO PONTO INICIAL SEGUE PELA ""AVENIDA JOSE LEON"" - ""RUA JOAO MACIEL"" - ""RUA ESC"
23;440;FORTALEZA;65;MESSEJANA;9;59;2;2;"RIVAO AZEVEDO"" - ""RUA MELO CESAR"" - ""RUA MARGARIDA QUEIROZ"" - ""RUA DESEMBARGADOR"
23;440;FORTALEZA;65;MESSEJANA;9;59;2;3;" GONZAGA"" ATE O PONTO INICIAL"
23;440;FORTALEZA;65;MESSEJANA;9;60;2;1;": DO PONTO INICIAL SEGUE PELA ""AVENIDA JOSE LEON"" ATE ""RUA FREI CANECA"" ATE ""AVE"
23;440;FORTALEZA;65;MESSEJANA;9;60;2;2;"NIDA DESEMBARGADOR GONZAGA"" - ""RUA MONSENHOR HIPOLITO"" OU ""RUA DA AMIZADE"" - ""RU"
23;440;FORTALEZA;65;MESSEJANA;9;60;2;3;"A TEODOFREDO GOIANO"" - ""RUA TENENTE NICOLAU"" - ""RUA TEOFREDO GOIANA"" - ""RUA CAMP"
23;440;FORTALEZA;65;MESSEJANA;9;60;2;4;"OS GERAIS"" - ""RUA MELO CESAR"" ATE PONTO INICIAL"
23;440;FORTALEZA;65;MESSEJANA;9;61;2;1;": DO PONTO INICIAL SEGUE PELA ""AVENIDA JOSE LEON"" - ""RUA MELO CESAR"" - ""RUA CAMP"
23;440;FORTALEZA;65;MESSEJANA;9;61;2;2;"OS GERMS"" - ""RUA TEODOFREDO GOIANA"" - ""RUA TENENTE NICOLAU"" - ""BR-116"" ATE O PON"
23;440;FORTALEZA;65;MESSEJANA;9;61;2;3;TO INICIAL
23;440;FORTALEZA;65;MESSEJANA;9;62;2;1;": DO PONTO INICIAL SEGUE PELA ""RUA PADRE FRANCISCO PITA"" - ""RUA DESEMBARGADOR FA"
23;440;FORTALEZA;65;MESSEJANA;9;62;2;2;"USTINO ALBUQUERQUE"" - ""AVENIDA JOSE LEON"" - ""RUA FREI CANECA"" - ""AVENIDA JOSE LE"
23;440;FORTALEZA;65;MESSEJANA;9;62;2;3;"ON"" - ""RODOVIA BR-116"" - ""AV PLACIDO CASTELO"" - ""RUA RADIAL LESTE"" OU ""AVENIDA U"
23;440;FORTALEZA;65;MESSEJANA;9;62;2;4;"M"" ATE PONTO INICIAL"
23;440;FORTALEZA;65;MESSEJANA;9;63;2;1;": DO PONTO INICIAL SEGUE PELA ""RUA TANGARA"" PASSANDO PELAS +SALINAS SAO GERALDO+"
23;440;FORTALEZA;65;MESSEJANA;9;63;2;2;" INCLUSIVE ""RUA FRANCISCO CHAGAS MENDES"" - ""ANTONIO ROCHA BARROS"" - ""RUA AMADOR"
23;440;FORTALEZA;65;MESSEJANA;9;63;2;3;"BUENO"" - ""RUA ARNALDO OSORIO"" - ""RUA PADRE FRANCISCO PITA"" - ""RUA RADIAL LESTE"""
23;440;FORTALEZA;65;MESSEJANA;9;63;2;4;"OU ""AVENIDA UM"" - ""AVENIDA PLACIDO CASTELO"" - ""RODOVIA BR-116"" - ""RIO COCO"" ATE"
23;440;FORTALEZA;65;MESSEJANA;9;63;2;5;PONTO INICIAL
23;440;FORTALEZA;65;MESSEJANA;9;64;2;1;": DO PONTO INICIAL SEGUE PELA ""RUA ANTONIO ROCHA BARROS"" ATE ""RUA STENIO GOMES"""
23;440;FORTALEZA;65;MESSEJANA;9;64;2;2;"- ""RUA PADRE FRANCISCO PITA"" - ""RUA ARNALDO OSORIO"" - ""RUA AMADOR BUENO"" ATE PON"
23;440;FORTALEZA;65;MESSEJANA;9;64;2;3;TO INICIAL
23;440;FORTALEZA;65;MESSEJANA;9;65;2;1;": DO PONTO INICIAL SEGUE PELA ""RUA ANTONIO ROCHA BARROS"" ATE ""RUA ATAULFO ALVES"""
23;440;FORTALEZA;65;MESSEJANA;9;65;2;2;" - ""AVENIDA JOSE LEON"" - ""RUA DESEMBARGADOR FAUSTINO ALBUQUERQUE"" - ""RUA PADRE F"
23;440;FORTALEZA;65;MESSEJANA;9;65;2;3;"RANCISCO PITA"" - ""RUA STENIO GOMES"" ATE PONTO INICIAL"
23;440;FORTALEZA;65;MESSEJANA;9;66;2;1;": DO PONTO INICIAL SEGUE PELA ""RUA ANTONIO ROCHA BARROS"" ATE ""RUA CARLOS JEREISS"
23;440;FORTALEZA;65;MESSEJANA;9;66;2;2;"SATI"" -""RUA CLEITOM HELAIDE PIMENTA"" - ""RUA MONSENHOR VITAL GURGEL"" - ""AVENIDA J"
23;440;FORTALEZA;65;MESSEJANA;9;66;2;3;"OSE LEON"" - ""RUA ATAULFO ALVES"" ATE PONTO INICIAL"
23;440;FORTALEZA;65;MESSEJANA;9;67;2;1;": DO PONTO INICIAL SEGUE PELA ""RUA ANTONIO ROCHA BARROS"" ATE ""RUA PADRE FRANCISC"
23;440;FORTALEZA;65;MESSEJANA;9;67;2;2;"O PITA"" - ""RUA VICENTE LOPES"" - ""RUA VEREADOR PEDRO LUCIANO PEREIRA"" - ""RUA SEM"
23;440;FORTALEZA;65;MESSEJANA;9;67;2;3;"DENOMINACAO"" - ""RUA VICENTE LOPES"" - ""AVENIDA JOSE LEON"" - ""RUA MONSENHOR VITAL"
23;440;FORTALEZA;65;MESSEJANA;9;67;2;4;"GURGEL"" - ""RUA CLEITON HELAIDE PIMENTA"" - ""RUA CARLOS JEREISSATI"" ATE PONTO INIC"
23;440;FORTALEZA;65;MESSEJANA;9;67;2;5;IAL
23;440;FORTALEZA;65;MESSEJANA;9;68;2;1;": DO PONTO INICIAL SEGUE ATE A ""RUA EFESIOS"" DAI ATE A ""RUA FILADELFIA"" DAI ATE"
23;440;FORTALEZA;65;MESSEJANA;9;68;2;2;"A ""RUA NATANAEL CORTES"" ATE O PONTO INICIAL"
23;440;FORTALEZA;65;MESSEJANA;9;69;2;1;": DO PONTO INICIAL SEGUE ATE A ""AVENIDA WASHINGTON SOARES"" DAI ATE A ""RUA LUIZA"
23;440;FORTALEZA;65;MESSEJANA;9;69;2;2;"MIRANDA COELHO"" DAI ATE A ""RUA EFESIOS"" DAI ATE A ""RUA GERALDO MAGALHAES"" DAI AT"
23;440;FORTALEZA;65;MESSEJANA;9;69;2;3;"E A ""RUA CORONEL MIGUEL DIAS"" ATE O PONTO INICIAL"
23;440;FORTALEZA;65;MESSEJANA;9;70;2;1;": DO PONTO INICIAL SEGUE ATE A ""RUA EFESIOS"" DAI ATE A ""RUA LUIZA MIRANDA COELHO"
23;440;FORTALEZA;65;MESSEJANA;9;70;2;2;" DAI ATE A AVENIDA WASHINGTON SOARES"" DAI ATE A ""RUA VERIADOR PEDRO PAULO"" OU"
23;440;FORTALEZA;65;MESSEJANA;9;70;2;3;"LUCIANO PEREIRA DAI ATE A ""RUA VICENTE LOPES"" DAI ATE A ""RUA FRANCISCO PITA"" D"
23;440;FORTALEZA;65;MESSEJANA;9;70;2;4;"AI ATE A ""RUA ANTONIO ROCHA BARROS"" DAI ATE A ""RUA PIDORAMA"" ATE O PONTO INICIAL"
23;440;FORTALEZA;65;MESSEJANA;9;71;2;1;": DO PONTO INICIAL SEGUE ATE A ""RUA IVO REBOUCAS"" DAI ATE A ""RUA DORALICE COSTA"""
23;440;FORTALEZA;65;MESSEJANA;9;71;2;2;" DAI ATE A ""RUA T"" DAI ATE A ""AVENIDA WE 1"" DAI ATE A ""RUA PINDORAMA"" DAI ATE A"
23;440;FORTALEZA;65;MESSEJANA;9;71;2;3;"RUA ANTONIO ROCHA BARROS DAI ATE A ""RUA FRANCISCO CHAGAS MENDES"" DAI ATE A ""RU"
23;440;FORTALEZA;65;MESSEJANA;9;71;2;4;"A JULIA SALES"" DAI ATE A ""ESTRADA SANTA LUZIA"" DAI ATE A ""RUA ESMERRINDA MENDES"""
23;440;FORTALEZA;65;MESSEJANA;9;71;2;5;" DAI ATE A ""RUA PINORAMA"" DAI ATE A ""AVENIDA ROGACIANO LEITE"" ATE O PONTO INICIA"
23;440;FORTALEZA;65;MESSEJANA;9;71;2;6;L
23;440;FORTALEZA;65;MESSEJANA;9;72;2;1;": DO PONTO INICIAL ATE A ""RUA T"" DAI ATE A ""RUA DORALICE COSTA"" DAI ATE A ""RUA J"
23;440;FORTALEZA;65;MESSEJANA;9;72;2;2;"AIME LEONEL"" ATE O PONTO INICIAL"
23;440;FORTALEZA;65;MESSEJANA;9;73;2;1;": DO PONTO INICIAL SEGUE ATE A ""RUA CORONEL MIGUEL DIAS"" DAI ATE A ""RUA GERALDO"
23;440;FORTALEZA;65;MESSEJANA;9;73;2;2;"MAGALHAES"" DAI ATE A ""RUA EFESIOS"" DAI ATE A ""RUA MARIANA FURTADO LEITE"" DAI ATE"
23;440;FORTALEZA;65;MESSEJANA;9;73;2;3;" A ""RUA NATANAEL CORTEZ"" DAI ATE A ""RUA FILADELFIA"" DAI ATE A ""RUA PINDORAMA"" DA"
23;440;FORTALEZA;65;MESSEJANA;9;73;2;4;"I ATE A ""AVENIDA WE 1"" DAI ATE A ""RUA T"" DAI ATE A ""RUA DOUTOR THOMPSON BULCAO"""
23;440;FORTALEZA;65;MESSEJANA;9;73;2;5;"DAI ATE A ""AVENIDA ROGACIANO LEITE"" ATE O PONTO INICIAL"
23;440;FORTALEZA;65;MESSEJANA;9;74;2;1;": DO PONTO INICIAL SEGUE PELA ""RUA JOSIAS MENDES"" ATE ""RUA DORALICE COSTA"" - ""RU"
23;440;FORTALEZA;65;MESSEJANA;9;74;2;2;"A IVO REBOUCAS"" - ""RUA DOUTOR AFONSO DE SOUSA"" - ""AVENIDA ROGACIANO LEITE"" ATE P"
23;440;FORTALEZA;65;MESSEJANA;9;74;2;3;ONTO INICIAL
23;440;FORTALEZA;65;MESSEJANA;9;75;2;1;": DO PONTO INICIAL SEGUE PELA ""AVENIDA MURILO BORGES"" ATE A ""RUA DR. THOMPSON BU"
23;440;FORTALEZA;65;MESSEJANA;9;75;2;2;"LCAO"" - ATE A""RUA JAIME LEONEL"" - ""RUA JOSIAS MENDES"" - ""AVENIDA ROGACIANO LEITE"
23;440;FORTALEZA;65;MESSEJANA;9;75;2;3;" - RUA PINDORAMA"" - ""ESMERINDA MENDES"" - ""ESTRADA SANTA LUZIA"" - ""RUA JULIA SA"
23;440;FORTALEZA;65;MESSEJANA;9;75;2;4;"LES"" OU ""RUA AUGUSTO MACIEL"" - ""RUA SAO FRANCISCO"" - ""RUA TANGARA"" ATE ""RIO COCO"
23;440;FORTALEZA;65;MESSEJANA;9;75;2;5;" PASSANDO PELAS +SALINAS SAO GERALDO+ EXCLUSIVE PELO RIO COCO"" ATE PONTO INICI"
23;440;FORTALEZA;65;MESSEJANA;9;75;2;6;AL
23;440;FORTALEZA;65;MESSEJANA;9;76;2;1;": DO PONTO INICIAL SEGUE PELA ""AVENIDA WASHINGTON SOARES"" ATE ""RUA ALBERT SABIN"""
23;440;FORTALEZA;65;MESSEJANA;9;76;2;2;"- ATE A ""RUA SAMMYA KARLA"" ATE A - ""AVENIDA ROGACIANO LEITE"" - ""AVENIDA CORONEL"
23;440;FORTALEZA;65;MESSEJANA;9;76;2;3;"MURILO BORGES"" ATE ""RIO COCO"" ATE PONTO INICIAL"
23;440;FORTALEZA;65;MESSEJANA;9;77;2;1;": DO PONTO INICIAL SEGUE ATE A ""RUA CORONEL MIGUEL DIAS"" DAI ATE A ""RUA WALTER B"
23;440;FORTALEZA;65;MESSEJANA;9;77;2;2;"EZERRA DE SA"" DAI ATE A ""AVENIDA ROGACIANO LEITE"" DAI ATE A ""RUA SAMMYA KARIA"" D"
23;440;FORTALEZA;65;MESSEJANA;9;77;2;3;"AI ATE A ""RUA ALBERT SABIN"" ATE O PONTO INICIAL"
23;440;FORTALEZA;65;MESSEJANA;9;78;2;1;": DO PONTO INICIAL SEGUE ATE A ""RUA WALTER BEZERRA DE SA"" DAI ATE A ""RUA CORONEL"
23;440;FORTALEZA;65;MESSEJANA;9;78;2;2;" MIGUEL DIAS"" ATE O PONTO INICIAL"
23;440;FORTALEZA;65;MESSEJANA;9;79;2;1;": DO PONTO INICIAL SEGUE PELO ""RIACHO AGUA FRIA"" ATE CONFRONTACAO COM ""AVENIDA 4"
23;440;FORTALEZA;65;MESSEJANA;9;79;2;2;" INDO POR ESTA ATE AVENIDA B"" - ""AVENIDA A"" ATE CONFRONTACAO COM A ""RUA 13"" DA"
23;440;FORTALEZA;65;MESSEJANA;9;79;2;3;"I EM RETA ATE A MARGEM DO ""RIACHO AGUA FRIA"" POR ESTE ATE PONTO INICIAL"
23;440;FORTALEZA;65;MESSEJANA;9;79;2;4;NaN
23;440;FORTALEZA;65;MESSEJANA;9;80;2;1;": DO PONTO INICIAL SEGUE PELA ""RUA E"" ATE ""AVENIDA C"" DESCE PELA MARGEM DIREITA"
23;440;FORTALEZA;65;MESSEJANA;9;80;2;2;"DO ""RIACHO AGUA FRIA"" INDO POR ESTE ATE CONFRONTACAO DA ""RUA X"" INDO ATE ESTA AT"
23;440;FORTALEZA;65;MESSEJANA;9;80;2;3;"E ""RUA F"" INDO ATE SEU FINAL CONTORNA OS BLOCOS DE APARTAMENTO ATE ""RUA G"" POR E"
23;440;FORTALEZA;65;MESSEJANA;9;80;2;4;"STA ATE ""RUA A"" - ""TRAVESSA CANTANEIDE"" - ""TRAVESSA FRAMBOESA"" - ""RUA UBAITABA"""
23;440;FORTALEZA;65;MESSEJANA;9;80;2;5;"- ""RUA C"" ATE PONTO INICIAL"
23;440;FORTALEZA;65;MESSEJANA;9;81;2;1;": DO PONTO INICIAL SEGUE PELA ""RUA UBAITABA"" ATE ""AVENIDA PRESIDENTE ARTUR BERNA"
23;440;FORTALEZA;65;MESSEJANA;9;81;2;2;"RDES"" - ""RUA X"" ATE SEU FINAL DESTE PONTO EM RETA ATE ""RIACHO AGUA FRIA"" SEGUIND"
23;440;FORTALEZA;65;MESSEJANA;9;81;2;3;"O SUAS AGUAS ATE ""AVENIDA WASHINGTON SOARES"" POR ESTA ATE ""RUA DO CORREGO"" ATE P"
23;440;FORTALEZA;65;MESSEJANA;9;81;2;4;ONTO INICIAL
23;440;FORTALEZA;65;MESSEJANA;9;82;2;1;": DO PONTO INICIAL SEGUE PELA ""RUA UBAITABA"" ATE ""TRAVESSA FRAMBOESA"" - ""TRAVESS"
23;440;FORTALEZA;65;MESSEJANA;9;82;2;2;"A CANTANEIDE"" ATE ""RUA A"" - ""RUA G"" ATE SEU FINAL CONTORNA OS BLOCOS DE APARTAME"
23;440;FORTALEZA;65;MESSEJANA;9;82;2;3;"NTOS INDO ATE ""RUA F"" ATE A ""RUA X"" - ""AV PRESIDENTE ARTUR BERNARDES"" ATE PONTO"
23;440;FORTALEZA;65;MESSEJANA;9;82;2;4;INICIAL
23;440;FORTALEZA;65;MESSEJANA;9;83;2;1;": DO PONTO INICIAL SEGUE PELA ""ESTRADA PARA O DENDE"" DAI SEGUE PELO ""MURO DA UNI"
23;440;FORTALEZA;65;MESSEJANA;9;83;2;2;"FOR "" - ""RUA DO JUA"" - ""RUA CORVINA"" - ""VIA DO CONTORNO"" - RUA DO COMERCIO"" - ""R"
23;440;FORTALEZA;65;MESSEJANA;9;83;2;3;"UA OTAVIO ROCHA"" - ""RUA UBAITABA"" - ""RUA DO CORREGO"" - ""AVENIDA WASHINGTON SOARE"
23;440;FORTALEZA;65;MESSEJANA;9;83;2;4;"S"" ATE O PONTO INICIAL"
23;440;FORTALEZA;65;MESSEJANA;9;84;2;1;": DO PONTO INICIAL SEGUE ""RUA ROBERTO SILVA"" - ""RUA DO COMERCIO"" - ATE A ""RUA C"""
23;440;FORTALEZA;65;MESSEJANA;9;84;2;2;" - ""RUA UBAITABA"" - ""RUA OTAVIO ROCHA"" ATE PONTO INICIAL"
23;440;FORTALEZA;65;MESSEJANA;9;85;2;1;": DO PONTO INICIAL SEGUE PELA ""RUA DO COMERCIO"" - ""RUA C"" - ""RUA ROBERTO SILVA"""
23;440;FORTALEZA;65;MESSEJANA;9;85;2;2;"- ""RUA OTAVIO ROCHA"" ATE PONTO INICIAL"
23;440;FORTALEZA;65;MESSEJANA;9;86;2;1;": DO PONTO INICIAL SEGUE PELA ""RUA DO GELO"" - ""RUA DO COMERCIO"" - ""VIA DO CONTOR"
23;440;FORTALEZA;65;MESSEJANA;9;86;2;2;"NO"" - ""RUA CORVINA"" - ""RUA DO JUA"" - ""MURO DA UNIFOR"" - ""ESTRADA PARA O DENDE"" A"
23;440;FORTALEZA;65;MESSEJANA;9;86;2;3;TE O PONTO INICIAL
23;440;FORTALEZA;65;MESSEJANA;9;87;2;1;": DO PONTO INICIAL SEGUE PELA ""AVENIDA DEPUTADO JOSE MARTINS RODRIGUES"" ATE ""RIO"
23;440;FORTALEZA;65;MESSEJANA;9;87;2;2;" COCO"" VAI POR ESTE ATE UMA ""ESTRADA"" QUE LIGA ""RIO COCO"" COM ""RUA DO GELO"" DAI"
23;440;FORTALEZA;65;MESSEJANA;9;87;2;3;"VAI PELA ""ESTRADA PARA O DENDE"" CRUZANDO O ""CAMPUS DA UNIFOR"" INDO ATE ""AVENIDA"
23;440;FORTALEZA;65;MESSEJANA;9;87;2;4;"WASHINGTON SOARES"" ENTRE UNIFOR E CENTRO CONVENCOES ATE PONTO INICIAL"
23;440;FORTALEZA;65;MESSEJANA;9;87;2;5;NaN
23;440;FORTALEZA;65;MESSEJANA;9;88;2;1;": DO PONTO INICIAL SEGUE PELO ""RIO COCO"" ATE CONFRONTACAO COM ""AVENIDA DEPUTADO"
23;440;FORTALEZA;65;MESSEJANA;9;88;2;2;"MARTINS RODRIGUES"" INDO POR ESTA ATE ""AVENIDA WASHINGTON SOARES"" ATE ""AVENIDA EN"
23;440;FORTALEZA;65;MESSEJANA;9;88;2;3;"GENHEIRO SANTANA JUNIOR"" ATE PONTO INICIAL"
23;440;FORTALEZA;65;MESSEJANA;9;89;2;1;": DO PONTO INICIAL SEGUE PELO ""RIO COCO"" ATE ESTRADA QUE LIGA ""RIO COCO"" A ""RUA"
23;440;FORTALEZA;65;MESSEJANA;9;89;2;2;"DOUTOR MONTEIRO"" - ""RUA ROSA CORDEIRO"" - ""RUA E"" - ATE ""RUA DO GELO"" - ""ESTRADA"
23;440;FORTALEZA;65;MESSEJANA;9;89;2;3;"QUE LIGA RUA DO GELO AO RIO COCO"" POR ESTA ATE PONTO INICIAL"
23;440;FORTALEZA;65;MESSEJANA;9;90;2;1;": DO PONTO INICIAL SEGUE PELO ""RIO COCO"" ATE O ""RIACHO MIRIU"" POR ESTE ATE ""RIAC"
23;440;FORTALEZA;65;MESSEJANA;9;90;2;2;"HO AGUA FRIA"" POR ESTE ATE ""AVENIDA C"" POR ESTA ATE ""AVENIDA ROSA CORDEIRO"" ATE"
23;440;FORTALEZA;65;MESSEJANA;9;90;2;3;RUA DOUTOR MONTEIRO ATE PONTO INICIAL
23;440;FORTALEZA;65;MESSEJANA;9;91;2;1;": DO PONTO INICIAL SEGUE PELO ""RIO COCO"" ATE SUA BARRA NO ""OCEANO ATLANTICO"" IND"
23;440;FORTALEZA;65;MESSEJANA;9;91;2;2;"O POR SUA MARGEM ATE ENCONTRAR ""ESTRADA DA SABIAGUABA"" POR ESTA ATE ""RIACHO SEM"
23;440;FORTALEZA;65;MESSEJANA;9;91;2;3;"DENOMINACAO"" QUE VEM DE UMA LAGOA FORMADA PELAS AGUAS DO ""RIO COCO"" SEGUE POR ES"
23;440;FORTALEZA;65;MESSEJANA;9;91;2;4;"TE RIACHO CONTORNANDO AS AGUAS DA LAGOA(INCLUSIVE) ATE ""RIACHO MIRIU"" ATE PONTO"
23;440;FORTALEZA;65;MESSEJANA;9;91;2;5;INICIAL
23;440;FORTALEZA;65;MESSEJANA;9;92;2;1;": DO PONTO INICIAL SEGUE PELO ""RIACHO MIRIU"" POR ESTE ATE UMA ""RIACHO SEMDENOMIN"
23;440;FORTALEZA;65;MESSEJANA;9;92;2;2;"ACAO"" DESCENDO POR ESTE CONTORNANDO AS AGUAS DA LAGOA ATE ""ESTRADA SABIAGUABA"" P"
23;440;FORTALEZA;65;MESSEJANA;9;92;2;3;"OR ESTA ATE ""RUA ANTONIO NOGUEIRA"" OU ""FRANCISCO MATIAS"" SEGUE PELA ""RUA ANTONIO"
23;440;FORTALEZA;65;MESSEJANA;9;92;2;4;" NOGUEIRA"" DEPOIS POR UM CAMINHO QUE LIGA A ""RUA DOIS"" ATE ""RLO MIRIU"" POR ESTE"
23;440;FORTALEZA;65;MESSEJANA;9;92;2;5;"ATE ""PONTO INICIAL"
23;440;FORTALEZA;65;MESSEJANA;9;93;2;1;": DO PONTO INICIAL SEGUE PELA ""AVENIDA QUATRO"" ATE ""RIACHO AGUA FRIA"" INDO ATE """
23;440;FORTALEZA;65;MESSEJANA;9;93;2;2;"RIO MIRIU"" ATE UM CAMINHO QUE LIGA ""RIO MIRIU"" COM ""AVENIDA DOIS"" - ""AVENIDA DOI"
23;440;FORTALEZA;65;MESSEJANA;9;93;2;3;"S"" - ""RUA DOUTOR CORREIA LIMA"" - ""AVENIDA EDILSON BRASIL SOARES"" - ""RUA FRANCISC"
23;440;FORTALEZA;65;MESSEJANA;9;93;2;4;"O CORDEIRO"" ATE PONTO INICIAL"
23;440;FORTALEZA;65;MESSEJANA;9;94;2;1;": DO PONTO INICIAL SEGUE PELA ""AVENIDA EDILSON BRASIL SOARES"" ATE ""AVENIDA DOUTO"
23;440;FORTALEZA;65;MESSEJANA;9;94;2;2;"R CORREIA LIMA"" - ""RUA CORONEL OLEGARIO MEMORIA"" INDO ATE ""TRAVESSA UNIAO"" ATE P"
23;440;FORTALEZA;65;MESSEJANA;9;94;2;3;ONTO INICIAL
23;440;FORTALEZA;65;MESSEJANA;9;95;2;1;": DO PONTO INICIAL SEGUE PELA ""AVENIDA EDILSON BRASIL SOARES"" - ""TRAVESSA UNIAO"""
23;440;FORTALEZA;65;MESSEJANA;9;95;2;2;" - ""RUA CORONEL OLEGARIO MEMORIA"" - ""RUA EVILAZIO ALMEIDA MIRANDA"" ATE PONTO INI"
23;440;FORTALEZA;65;MESSEJANA;9;95;2;3;CIAL
23;440;FORTALEZA;65;MESSEJANA;9;96;2;1;": DO PONTO INICIAL SEGUE PELA ""AVENIDA A"" SEGUINDO EM LINHA RETA PELA ""AVENIDA B"
23;440;FORTALEZA;65;MESSEJANA;9;96;2;2;" AINDA EM RETA PELA AVENIDA QUATRO"" ATE A ""RUA FRANCISCO CORDEIRO"" POR ESTA AT"
23;440;FORTALEZA;65;MESSEJANA;9;96;2;3;"E ""AVENIDA EDILSON BRASIL SOARES"" - ""RUA MARIA IVONE"" - ""RUA ONZE"" - ""AVENIDA B"""
23;440;FORTALEZA;65;MESSEJANA;9;96;2;4;" - ""RUA TREZE"" ATE PONTO INICIAL"
23;440;FORTALEZA;65;MESSEJANA;9;97;2;1;": DO PONTO INICIAL SEGUE PELA ""AVENIDA BRASIL SOARES"" ATE ""RUA EVILAZIO ALMEIDA"
23;440;FORTALEZA;65;MESSEJANA;9;97;2;2;"MIRANDA"" POR ESTA ATE ""RUA CORONEL OLEGARIO MEMORIA"" INDO ATE ""RUA SANDRA GENTIL"
23;440;FORTALEZA;65;MESSEJANA;9;97;2;3;" ATE PONTO INICIAL
23;440;FORTALEZA;65;MESSEJANA;9;97;3;1;: NADA A REGISTRAR
23;440;FORTALEZA;65;MESSEJANA;9;97;4;1;: NADA A REGISTRAR
23;440;FORTALEZA;65;MESSEJANA;9;98;1;1;: AVENIDA PRESIDENTE ARTUR BERNARDES"" COM ""AVENIDA EDILSON BRASIL SOARES"""
23;440;FORTALEZA;65;MESSEJANA;9;98;2;1;": DO PONTO INICIAL SEGUE PELA ""AVENIDA EDILSON BRASIL SOARES"" ATE ""RUA SANDRA GE"
23;440;FORTALEZA;65;MESSEJANA;9;98;2;2;"NTIL"" - ""RUA CORONEL OLEGARIO MEMORIA"" - ""RUA DOUTOR ERNESTO MONTEIRO"" - ""RUA JO"
23;440;FORTALEZA;65;MESSEJANA;9;98;2;3;"SE PESTANA"" - ""AVENIDA PRESIDENTE ARTUR BERNARDES"" ATE PONTO INICIAL"
23;440;FORTALEZA;65;MESSEJANA;9;98;2;4;NaN
23;440;FORTALEZA;65;MESSEJANA;9;99;2;1;": DO PONTO INICIAL SEGUE PELA ""RUA CORONEL OLEGARIO MEMORIA"" ATE A ""RUA RAFAEL T"
23;440;FORTALEZA;65;MESSEJANA;9;99;2;2;"OBIAS"" DAI ATE A A""VENIDA SAPIRANGA"" POR ESTA ATE A ""RUA CORONEL OLEGARIO MEMORI"
23;440;FORTALEZA;65;MESSEJANA;9;99;2;3;"A"" - ""RUA MARIA IVONE"" - ""RUA MARCELINO LOPES"" - ""RUA RAIMUNDO TIBURCIO"" ATE PON"
23;440;FORTALEZA;65;MESSEJANA;9;99;2;4;TO INICIAL
23;440;FORTALEZA;65;MESSEJANA;9;100;2;1;": DO PONTO INICIAL SEGUE PELA ""AVENIDA SAPIRANGA"" ATE A ""RUA RAFAEL TOBIAS"" POR"
23;440;FORTALEZA;65;MESSEJANA;9;100;2;2;"ESTA ATE A ""RUA CORONEL OLEGARIO MEMORIA"" DAI ATE A ""RUA RAIMUNDO TIBURCIO"" POR"
23;440;FORTALEZA;65;MESSEJANA;9;100;2;3;ESTA ATE O PONTO INICIAL
23;440;FORTALEZA;65;MESSEJANA;9;101;2;1;": DO PONTO INICIAL SEGUE PELA ""AVENIDA SAPIRANGA"" POR ESTA ATE A RUA ""RAIMUNDO T"
23;440;FORTALEZA;65;MESSEJANA;9;101;2;2;"IBURCIO"" DAI ATE A ""RUA MARCELINO LOPES"" - ""RUA CRISANTO MOREIRA DA ROCHA"" - IND"
23;440;FORTALEZA;65;MESSEJANA;9;101;2;3;"O ATE A ""RUA CORONEL OLEGARIO MEMORIA"" POR ESTA ATE A ""RUA ENGENHEIRO LEAL LIMA"
23;440;FORTALEZA;65;MESSEJANA;9;101;2;4;"VERDE"" DEPOIS INDO ATE A ""RUA CRISANTO MOREIRA DA ROCHA"" ATE O PONTO INICIAL"
23;440;FORTALEZA;65;MESSEJANA;9;102;2;1;": DO PONTO INICIAL SEGUE PELO ""RIACHO AGUA FRIA"" ATE CONFRONTAR-SE COM A ""RUA TR"
23;440;FORTALEZA;65;MESSEJANA;9;102;2;2;"EZE"" - ""AVENIDA B"" - POR ESTA ATE A ""RUA ONZE"" INDO ATE A ""RUA MARIA IVONE"" POR"
23;440;FORTALEZA;65;MESSEJANA;9;102;2;3;"ESTA ATE A ""AVENIDA EDILSON BRASIL SOARES"" DEPOIS PELA ""PRESIDENTE ARTUR BERNARD"
23;440;FORTALEZA;65;MESSEJANA;9;102;2;4;"ES"" DEPOIS PELA ""RUA JOSE PESTANA"" INDO ATE A ""RUA ERNESTO MONTEIRO"" POR ESTA AT"
23;440;FORTALEZA;65;MESSEJANA;9;102;2;5;"E A ""RUA CORONEL OLEGARIO MEMORIA"" DEPOIS PELA ""AVENIDA SAPIRANGA"" ATE A ""AVENID"
23;440;FORTALEZA;65;MESSEJANA;9;102;2;6;"A EDILSON BRASIL SOARES"" DEPOIS PELA ""RUA CRISANTO MOREIRA DA ROCHA"" ATE A ""RUA"
23;440;FORTALEZA;65;MESSEJANA;9;102;2;7;"ENGENHEIRO LEAL LIMA VERDE"" ATE A ""RUA PROFESSOR SOLON FARIAS"" ATE A ""AVENIDA WA"
23;440;FORTALEZA;65;MESSEJANA;9;102;2;8;"SHINGTON SOARES"" ATE O PONTO INICIAL"
23;440;FORTALEZA;65;MESSEJANA;9;103;2;1;": DO PONTO INICIAL SEGUE PELA ""RUA SOLON FARIAS"" ATE A ""ENGENHEIRO LEAL LIMA VER"
23;440;FORTALEZA;65;MESSEJANA;9;103;2;2;"DE"" - ""RUA CORONEL OLEGARIO MEMORIA"" - ""AVENIDA WASHINGTON SOARES"" ATE O PONTO I"
23;440;FORTALEZA;65;MESSEJANA;9;103;2;3;NICIAL
23;440;FORTALEZA;65;MESSEJANA;9;104;2;1;": DO PONTO INICIAL ATE A ""RUA CRISANTO MOREIRA DA ROCHA"" POR ESTA ATE A ""AVENIDA"
23;440;FORTALEZA;65;MESSEJANA;9;104;2;2;" WASHINGTON SOARES"" ATE O PONTO INICIAL"
23;440;FORTALEZA;65;MESSEJANA;9;105;2;1;": DO PONTO INCIAL SEGUE PELA ""AVENIDA JOSE LEON"" ATE ""RUA HERMINIO DE CASTRO"" -"
23;440;FORTALEZA;65;MESSEJANA;9;105;2;2;"RUA MARIO LANZA - ""RUA JOAO REGINO"" - ""RUA CORONEL OLEGARIO MEMORIA"" - ""RUA LI"
23;440;FORTALEZA;65;MESSEJANA;9;105;2;3;"DIA BRIGIDO"" - ""RUA LOURIVAL CORREIA PINHO"" ATE ""CAMINHO QUE LIGA AS RUAS LOURIV"
23;440;FORTALEZA;65;MESSEJANA;9;105;2;4;"AL CORREIA LIMA COM JULIO LIMA"" - ""RUA JULIO LIMA"" - ""RUA GENERAL CASTELO BRANCO"
23;440;FORTALEZA;65;MESSEJANA;9;105;2;5;" ATE PONTO INICIAL
23;440;FORTALEZA;65;MESSEJANA;9;105;3;1;: NADA A REGISTRAR
23;440;FORTALEZA;65;MESSEJANA;9;105;4;1;: NADA A REGISTRAR
23;440;FORTALEZA;65;MESSEJANA;9;106;1;1;: RUA GENERAL CASTELO BRANCO"" COM A ""RUA VEREADOR PEDRO LUCIANO PEREIRA"""
23;440;FORTALEZA;65;MESSEJANA;9;106;2;1;": DO PONTO INICIAL SEGUE PELA ""RUA VEREADOR PEDRO LUCIANO PEREIRA"" ATE ""RUA JOAO"
23;440;FORTALEZA;65;MESSEJANA;9;106;2;2;" REGINO"" - ""RUA MARIO LANZA"" - ""RUA HERMINIO DE CASTRO"" - ""AVENIDA JOSE LEON"" -"
23;440;FORTALEZA;65;MESSEJANA;9;106;2;3;RUA GENERAL CASTELO BRANCO ATE PONTO INICIAL
23;440;FORTALEZA;65;MESSEJANA;9;107;2;1;": DO PONTO INICIAL SEGUE PELA ""RUA VEREADOR PEDRO LUCIANO PEREIRA"" ATE ""AVENIDA"
23;440;FORTALEZA;65;MESSEJANA;9;107;2;2;"WASHINGTON SOARES"" - ""AVENIDA OLIVEIRA PAIVA"" - ""RUA JOAO REGINO"" ATE PONTO INIC"
23;440;FORTALEZA;65;MESSEJANA;9;107;2;3;IAL
23;440;FORTALEZA;65;MESSEJANA;9;108;2;1;": DO PONTO INICIAL SEGUE ""RUA JULIO LIMA"" ATE ""CAMINHO QUE LIGA AS RUAS JULIO LI"
23;440;FORTALEZA;65;MESSEJANA;9;108;2;2;"MA COM LOURIVAL CORREIA PINHO""  - ""RUA LOURIVAL CORREIA LIMA"" - ""RUA LIDIA BRIGI"
23;440;FORTALEZA;65;MESSEJANA;9;108;2;3;"DO"" - ""RUA CORONEL OLEGARIO MEMORIA"" - ""RUA JOAO REGINO"" - ""AVENIDA OLIVEIRA PAI"
23;440;FORTALEZA;65;MESSEJANA;9;108;2;4;"VA"" - ""RUA GENERAL CASTELO BRANCO"" ATE PONTO INICIAL"
23;440;FORTALEZA;65;MESSEJANA;9;109;2;1;": DO PONTO INICIAL SEGUE PELA ""AVENIDA WASHINGTON SOARES"" - ""RUA FRANCISCO  PARA"
23;440;FORTALEZA;65;MESSEJANA;9;109;2;2;"CAMPOS"" - ""RUA LUIS GIRAO"" - ""AVENIDA CANDIDO PORTINARI"" -  ""AVENIDA VIENA WEYNE"
23;440;FORTALEZA;65;MESSEJANA;9;109;2;3;" - RUA PLINIO SALGADO"" - ""RUA CORONEL BENTO LEITE"" -   ""AVENIDA PEDRO LAZAR"" -"
23;440;FORTALEZA;65;MESSEJANA;9;109;2;4;" ""AVENIDA ENGENHEIRO JOSE GUIMARAES"" - AVENIDA JOAQUIM  DE FIGUEIREDO - ""RUA CEL"
23;440;FORTALEZA;65;MESSEJANA;9;109;2;5;" BENTO LEITE"" - ""AVENIDA JOAQUIM DE FIGUEIREDO"" OU  ""RUA MONSENHOR ANTERO"" - ""AV"
23;440;FORTALEZA;65;MESSEJANA;9;109;2;6;"ENIDA VIENA WEYNE"" OU ""JOAQUIM FROTA"" - ""RUA  DOUTOR JOSE FURTADO"" - ""AVENIDA OL"
23;440;FORTALEZA;65;MESSEJANA;9;109;2;7;"IVEIRA PAIVA"" ATE O PONTO INICIAL"
23;440;FORTALEZA;65;MESSEJANA;9;110;2;1;": DO PONTO INICIAL SEGUE PELA ""AVENIDA WASHINGTON SOARES"" - ""TRAVESSA CRISANTO M"
23;440;FORTALEZA;65;MESSEJANA;9;110;2;2;"OREIRA DA ROCHA"" - ""RUA WASHINTON LUIS"" OU ""RUA CRISANTO MOREIRA DA ROCHA"" - ""AV"
23;440;FORTALEZA;65;MESSEJANA;9;110;2;3;"ENIDA MINISTRO JOSE AMERICO"" - ""AVENIDA PEDRO LAZAR"" - ""RUA CORONEL BENTO LEITE"""
23;440;FORTALEZA;65;MESSEJANA;9;110;2;4;" - ""RUA PLINIO SALGADO"" - ""AVENIDA VIENA WEYNE"" - ""AVENIDA CANDIDO PORTINARI"" -"
23;440;FORTALEZA;65;MESSEJANA;9;110;2;5;"RUA LUIS GIRAO - ""TRAVESSA VISCONDE SABUGOSA"" ATE O PONTO INICIAL"
23;440;FORTALEZA;65;MESSEJANA;9;110;2;6;NaN
23;440;FORTALEZA;65;MESSEJANA;9;111;2;1;": DO PONTO INICIAL SEGUE PELA ""AVENIDA WASHINTON SOARES"" - ""AVENIDA GUILHERME WL"
23;440;FORTALEZA;65;MESSEJANA;9;111;2;2;"ASSEN"" - ""RUA PEDRO DE ALCANTARA"" - ""RUA TOMAS IDELFONSO"" - ""RUA HOMEM DE MELO"""
23;440;FORTALEZA;65;MESSEJANA;9;111;2;3;"- ""RUA SILVEIRA MOTA"" - ""RUA FAUSTO AGUIAR"" - ""AVENIDA MINISTRO JOSE AMERICO"" IN"
23;440;FORTALEZA;65;MESSEJANA;9;111;2;4;"DO ATE A ""RUA WASHINGTON LUIS"" - ""RUA CRISANTO MOREIRA DA ROCHA"" - ""TRAVESSA CRI"
23;440;FORTALEZA;65;MESSEJANA;9;111;2;5;"SANTO MOREIRA DA ROCHA"" ATE O PONTO INICIAL"
23;440;FORTALEZA;65;MESSEJANA;9;112;2;1;": DO PONTO INICIAL SEGUE PELA ""RUA CRISANTO MOREIRA DA ROCHA"" - ""RUA MARCELINO L"
23;440;FORTALEZA;65;MESSEJANA;9;112;2;2;"OPES"" - ""RUA ENGENHEIRO LEAL LIMA VERDE"" - ""RUA DOUTOR JOAQUIM FROTA"" - ""AVENIDA"
23;440;FORTALEZA;65;MESSEJANA;9;112;2;3;" WASHINGTON SOARES"" ATE O PONTO INICIAL"
23;440;FORTALEZA;65;MESSEJANA;9;113;2;1;": DO PONTO INICIAL SEGUE PELA ""RUA MARCELINO LOPES"" - ""RUA PRESIDENTE ARTUR BERN"
23;440;FORTALEZA;65;MESSEJANA;9;113;2;2;"ARDES"" - ""RUA CONS GOMES DE FREITAS"" - ""RUA DR ERNESTO MONTEIRO"" - ""RUA DOUTOR J"
23;440;FORTALEZA;65;MESSEJANA;9;113;2;3;"OAQUIM FROTA"" - ""RUA ENGENHEIRO LEAL LIMA VERDE"" ATE O PONTO INICIAL"
23;440;FORTALEZA;65;MESSEJANA;9;114;2;1;": DO PONTO INICIAL SEGUE ATE ""RUA  MARCELINO LOPES"" - ""RUA SANDRA GENTIL"" - ""RUA"
23;440;FORTALEZA;65;MESSEJANA;9;114;2;2;" TABELIAO JOAQUIM COELHO"" - ""RUA ANTONIO GENTIL"" - ""RUA DA ZINA"" - ""RUA SANDRA G"
23;440;FORTALEZA;65;MESSEJANA;9;114;2;3;"ENTIL"" - ""RUA DOUTOR JOAQUIM FROTA"" - ""RUA DOUTOR ERNESTO MONTEIRO"" - ""RUA CONSE"
23;440;FORTALEZA;65;MESSEJANA;9;114;2;4;"LHEIRO GOMES DE FREITAS"" - ""RUA PRESIDENTE ARTUR BERNARDES"" ATE O PONTO INICIAL"
23;440;FORTALEZA;65;MESSEJANA;9;114;2;5;NaN
23;440;FORTALEZA;65;MESSEJANA;9;115;2;1;": DO PONTO INICIAL SEGUE PELA ""RUA MARCELINO LOPES"" - ""RUA EVILASIO ALMEIDA"" - """
23;440;FORTALEZA;65;MESSEJANA;9;115;2;2;"RUA CONSELHEIRO GOMES DE FREITAS"" - ""RUA ANTONIO GENTIL"" - ""RUA TABELIAO JOAQUIM"
23;440;FORTALEZA;65;MESSEJANA;9;115;2;3;" COELHO"" - ""RUA SANDRA GENTIL"" ATE O PONTO INICIAL"
23;440;FORTALEZA;65;MESSEJANA;9;116;2;1;": DO PONTO INICIAL SEGUE PELA ""RUA CONSELHEIRO GOMES DE FREITAS"" - ""RUA EVILASIO"
23;440;FORTALEZA;65;MESSEJANA;9;116;2;2;" ALMEIDA MIRANDA"" - ""RUA EUCLIDES ONOFRE DE SOUSA"" - ""RUA ANTONIO GENTIL"" ATE O"
23;440;FORTALEZA;65;MESSEJANA;9;116;2;3;PONTO INICIAL
23;440;FORTALEZA;65;MESSEJANA;9;117;2;1;": DO PONTO INICIAL SEGUE PELA ""AVENIDA SAPIRANGA"" DEPOIS PELAS ""MARGENS DA LAGOA"
23;440;FORTALEZA;65;MESSEJANA;9;117;2;2;" COITE"" DEPOIS PELO ""RIACHO QUE VAI A LAGOA DA SAPIRANGA"" - ""MARGEM DA LAGOA SAP"
23;440;FORTALEZA;65;MESSEJANA;9;117;2;3;"IRANGA"" - ""AVENIDA MARIO LINHARES"" - ""RUA DOUTOR JOAQUIM FROTA"" - ""RUA SANDRA GE"
23;440;FORTALEZA;65;MESSEJANA;9;117;2;4;"NTIL"" - ""RUA DA ZINA"" - ""RUA ANTONIO GENTIL"" - ""RUA EUCLIDES ONOFRE DE SOUSA"" -"
23;440;FORTALEZA;65;MESSEJANA;9;117;2;5;RUA EVILASIO ALMEIDA DE MIRANDA ATE O PONTO INICIAL
23;440;FORTALEZA;65;MESSEJANA;9;118;2;1;": DO PONTO INICIAL SEGUE PELA ""RUA OLEGARIO MEMORIA"" - ""RUA DOUTOR CORREA LIMA"""
23;440;FORTALEZA;65;MESSEJANA;9;118;2;2;"- ""AVENIDA DOIS OU RUA CONSELHEIRO GOMES DE FREITAS"" DEPOIS SEGUE POR UM CAMINHO"
23;440;FORTALEZA;65;MESSEJANA;9;118;2;3;" QUE LIGA A ULTIMA A ""RUA ANTONIO NOGUEIRA"" - ""RUA FRANCISCO MATIAS"" - ""AVENIDA"
23;440;FORTALEZA;65;MESSEJANA;9;118;2;4;"MAESTRO LISBOA"" ATE O ""RIACHO DA LAGOA DA SAPIRANGA"" CONTORNA A LAGOA DEPOIS PEL"
23;440;FORTALEZA;65;MESSEJANA;9;118;2;5;"O RIACHO QUE VAI A ""LAGOA COITE"" - ""AVENIDA SAPIRANGA"" - ""RUA EVILASIO ALMEIDA M"
23;440;FORTALEZA;65;MESSEJANA;9;118;2;6;"IRANDA"" - ""RUA MARCELINO LOPES"" - ""RUA MARIA IVONE"" ATE O PONTO INICIAL"
23;440;FORTALEZA;65;MESSEJANA;9;119;2;1;": DO PONTO INICIAL SEGUE PELA ""MARGEM DA LAGOA DA SAPIRANGA"" EXCLUSIVE ATE O ""RI"
23;440;FORTALEZA;65;MESSEJANA;9;119;2;2;"ACHO QUE VAI A LAGOA REDONDA"" - ""AVENIDA MAESTRO LISBOA"" - ""AVENIDA MARIO LINHAR"
23;440;FORTALEZA;65;MESSEJANA;9;119;2;3;"ES"" ATE O PONTO INICIAL"
23;440;FORTALEZA;65;MESSEJANA;9;120;2;1;": DO PONTO INICIAL SEGUE PELA ""TRAVESSA SAPIRANGA"" - ""RUA PADRE NERI"" - ""RUA SEM"
23;440;FORTALEZA;65;MESSEJANA;9;120;2;2;" DENOMINACAO"" - ""RUA FRANCISCA BEZERRA"" ATE O PONTO INICIAL"
23;440;FORTALEZA;65;MESSEJANA;9;121;2;1;": DO PONTO INICIAL SEGUE PELA ""RUA JOAQUIM FROTA"" - ""AVENIDA MARIO LINHARES"" - """
23;440;FORTALEZA;65;MESSEJANA;9;121;2;2;"AVENIDA MAESTRO LISBOA"" - ""AVENIDA-WASHINGTON SOARES"" ATE O PONTO INICIAL"
23;440;FORTALEZA;65;MESSEJANA;9;121;2;3;NaN
23;440;FORTALEZA;65;MESSEJANA;9;122;2;1;": DO PONTO INICIAL SEGUE PELA ""AVENIDA MAESTRO LISBOA"" - ""AVENIDA ODILON GUIMARA"
23;440;FORTALEZA;65;MESSEJANA;9;122;2;2;"ES"" - ""RUA OZELIA PONTES"" - ""AVENIDA ENGENHEIRO LEAL LIMA VERDE"" ATE O PONTO INI"
23;440;FORTALEZA;65;MESSEJANA;9;122;2;3;CIAL
23;440;FORTALEZA;65;MESSEJANA;9;123;2;1;": DO PONTO INICIAL SEGUE PELA ""AVENIDA MAESTRO LISBOA"" - ""AVENIDA ENGENHEIRO LEA"
23;440;FORTALEZA;65;MESSEJANA;9;123;2;2;"L LIMA VERDE"" - ""RUA CLODOALDO ARRUDA"" - ""AVENIDA GUILHERME WLASSEN"" - ""AVENIDA"
23;440;FORTALEZA;65;MESSEJANA;9;123;2;3;"WASHINGTON SOARES"" ATE O PONTO INICIAL"
23;440;FORTALEZA;65;MESSEJANA;9;124;2;1;": DO PONTO PONTO INICIAL SEGUE PELA ""RUA CLODOALDO ARRUDA"" - ""RUA OZELIA PONTES"""
23;440;FORTALEZA;65;MESSEJANA;9;124;2;2;" - ""RUA PASCOAL MOREIRA"" - ""AVENIDA GUILHERME WLASSEN"" ATE O PONTO INICIAL"
23;440;FORTALEZA;65;MESSEJANA;9;124;2;3;NaN
23;440;FORTALEZA;65;MESSEJANA;9;125;2;1;": DO PONTO INICIAL SEGUE PELA ""TRAVESSA CAPRICHO"" ATE A ""RUA PASCOAL MOREIRA"" -"
23;440;FORTALEZA;65;MESSEJANA;9;125;2;2;"RUA OZELIA PONTES - ""RUA ODILON GUIMARAES"" ATE O PONTO INICIAL"
23;440;FORTALEZA;65;MESSEJANA;9;126;2;1;": DO PONTO INICIAL SEGUE PELA ""RUA SAO MIGUEL"" OU ""RUA CAPITAO JUSTINO FERREIRA"
23;440;FORTALEZA;65;MESSEJANA;9;126;2;2;"RAMOS"" - ""RUA NENEN ARRUDA"" - ""RUA ODILON GUIMARAES"" ATE O PONTO INICIAL"
23;440;FORTALEZA;65;MESSEJANA;9;126;2;3;NaN
23;440;FORTALEZA;65;MESSEJANA;11;1;2;1;": DO PONTO INICIAL SEGUE ATE A ""RUA CESARIO"" DAI ATE A ""RUA JOAQUIM BENTO"" (PERI"
23;440;FORTALEZA;65;MESSEJANA;11;1;2;2;"METRAL) DAI ATE A ""RUA HERNESTO MATOS"" DAI ATE A ""RUA PROF JOSE HENRIQUE"" DAI A"
23;440;FORTALEZA;65;MESSEJANA;11;1;2;3;"RUA ANTONIO BARROS DAI ATE A ""RUA JOAQUIM BENTO"" - (PERIMETRAL) DAI ATE A ""RUA"
23;440;FORTALEZA;65;MESSEJANA;11;1;2;4;" CEL DIONISIO DE ALENCAR"" DAI ATE A ""RUA MANOEL CASTELO"" DAI ATE A ""RUA TENENTE"
23;440;FORTALEZA;65;MESSEJANA;11;1;2;5;"JURANDIR DE ALENCAR"" DAI ATE ""RUA PADRE PEDRO DE ALENCAR"" ATE O PONTO INICIAL"
23;440;FORTALEZA;65;MESSEJANA;11;2;2;1;": DO PONTO INICIAL SEGUE PELA ""RUA SARGENTO EXPEDITO"" ATE ""RUA TENENTE JOSE NILT"
23;440;FORTALEZA;65;MESSEJANA;11;2;2;2;"ON"" - ""RUA GUILHERME PESSOA"" - :RUA CAPANEMA"" - ""RUA JOAQUIM BENTO""(PERIMETRAL)"
23;440;FORTALEZA;65;MESSEJANA;11;2;2;3;"- ""RUA CESARIO LANGE"" - ""RUA JOAQUIM FELICIO"" - ""RUA PADRE PEDRO ALENCAR"" ATE PO"
23;440;FORTALEZA;65;MESSEJANA;11;2;2;4;NTO INICIAL
23;440;FORTALEZA;65;MESSEJANA;11;3;2;1;": DO PONTO INICIAL SEGUE PELA ""RUA HERBENE"" ATE ""LEONCIO TABOSA"" - ""RUA LOPES TA"
23;440;FORTALEZA;65;MESSEJANA;11;3;2;2;"VORA"" - ""RUA MAXIMIANO BARRETO"" - ""RUA LEONCIO TABOSA"" - ""RUA FREI CIRILO"" - ""RU"
23;440;FORTALEZA;65;MESSEJANA;11;3;2;3;"A PADRE PEDRO ALENCAR"" - ""RUA TENENTE JURANDIR ALENCAR"" - ""RUA PRESIDENTE COSTA"
23;440;FORTALEZA;65;MESSEJANA;11;3;2;4;"E SILVA"" - ""RODOVIA BR-116"" ATE PONTO INICIAL"
23;440;FORTALEZA;65;MESSEJANA;11;4;2;1;": DO PONTO INICIAL SEGUE PELA ""RUA PAULO SETUBAL"" ATE ""RUA ELMIRA"" - ""RUA MAXIMI"
23;440;FORTALEZA;65;MESSEJANA;11;4;2;2;"ANO BARRETO"" - ""RUA LOPES TAVORA"" - ""RUA LEONCIO TABOSA"" - ""RUA HERBENE"" - ""RODO"
23;440;FORTALEZA;65;MESSEJANA;11;4;2;3;"VIA BR-116"" ATE PONTO INICIAL"
23;440;FORTALEZA;65;MESSEJANA;11;5;2;1;": DO PONTO INICIAL SEGUE PELA ""RUA ALBERTO TORRES SILVEIRA"" ATE ""RUA FREI CIRILO"
23;440;FORTALEZA;65;MESSEJANA;11;5;2;2;" - RUA LEONCIO TABOSA"" - ""RUA MAXIMIANO BARRETO"" - ""RUA ELMIRA"" - ""RUA PAULO S"
23;440;FORTALEZA;65;MESSEJANA;11;5;2;3;"ETUBAL"" - ""RODOVIA BR-116"" ATE PONTO INICIAL"
23;440;FORTALEZA;65;MESSEJANA;11;6;2;1;": DO PONTO INICIAL SEGUE ATE A ""TRAVESSA FREDERICO SEVERO"" DAI ATE A ""RUA NICOLA"
23;440;FORTALEZA;65;MESSEJANA;11;6;2;2;"U COELHO"" DAI ATE A ""AVENIDA FREI CIRILO"" ATE O PONTO INICIAL"
23;440;FORTALEZA;65;MESSEJANA;11;7;2;1;":DO PONTO INICIAL SEGUE ATE A ""RUA CORONEL JOAO DE OLIVEIRA"" DAI ATE A ""RUA NICO"
23;440;FORTALEZA;65;MESSEJANA;11;7;2;2;"LAU COELHO"" PONTO INICIAL"
23;440;FORTALEZA;65;MESSEJANA;11;8;2;1;": DO PONTO INICIAL SEGUE ATE A ""RUA ELISIARIO MENDES"" DAI ATE A ""RUA FREDERICO S"
23;440;FORTALEZA;65;MESSEJANA;11;8;2;2;"EVERO"" DAI ATE A ""RUA NICOLAU COELHO"" DAI ATE A ""TRAVESSA FREDERICO SEVERO"" DAI"
23;440;FORTALEZA;65;MESSEJANA;11;8;2;3;"ATE A ""RUA FREDERICO SEVERO"" DAI ATE A ""AVENIDA FREI CIRILO"" ATE O PONTO INICIAL"
23;440;FORTALEZA;65;MESSEJANA;11;8;2;4;NaN
23;440;FORTALEZA;65;MESSEJANA;11;9;2;1;": DO PONTO INICIAL SEGUE ATE A ""RUA FARIAS LEMOS"" DAI ATE A ""RUA FREDERICO SEVER"
23;440;FORTALEZA;65;MESSEJANA;11;9;2;2;"O"" DAI ATE A ""RUA ELISIARIO MENDES"" ATE O PONTO INICIAL"
23;440;FORTALEZA;65;MESSEJANA;11;10;2;1;": DO PONTO INICIAL SEGUE ATE A ""RUA EVARISTO VEIGA"" DAI ATE A ""RUA NICOLAU COELH"
23;440;FORTALEZA;65;MESSEJANA;11;10;2;2;"O"" DAI ATE A ""RUA FREDERICO SEVERO"" DAI ATE A ""RUA FARIAS LEMOS"" DAI ATE A ""TRAV"
23;440;FORTALEZA;65;MESSEJANA;11;10;2;3;"ESSA ELISARIO MENDES"" DAI ATE A ""RUA ELISARIO MENDES"" DAI ATE A ""RUA HOMEM DE ME"
23;440;FORTALEZA;65;MESSEJANA;11;10;2;4;"LO"" DAI ATE A ""AVENIDA FREI CIRILO"" ATE O PONTO INICIAL"
23;440;FORTALEZA;65;MESSEJANA;11;11;2;1;": DO PONTO INICIAL SEGUE ATE A ""RUA FARIAS LEMOS"" DAI ATE A ""RUA ALMEIDA REGO"" D"
23;440;FORTALEZA;65;MESSEJANA;11;11;2;2;"AI SEGUE PELO O ""MURO DO COLEGIO"" ATE A ""RUA EVARISTO VEIGA"" DAI ATE A ""RUA INAC"
23;440;FORTALEZA;65;MESSEJANA;11;11;2;3;"IO VASCONCELOS"" DAI ATE A ""RUA FAUSTO DE AGUIAR"" DAI ATE A ""RUA NICOLAU COELHO"""
23;440;FORTALEZA;65;MESSEJANA;11;11;2;4;"DAI ATE A ""RUA EVARISTO VEIGA"" DAI ATE A ""RUA ALBERTO TORRES SILVEIRA"" DAI ATE A"
23;440;FORTALEZA;65;MESSEJANA;11;11;2;5;" ""AVENIDA FREI CIRILO"" ATE O PONTO INICIAL"
23;440;FORTALEZA;65;MESSEJANA;11;12;2;1;": DO PONTO INICIAL SEGUE ATE A ""RUA EVARISTO VEIGA"" DAI SEGUE PELO O ""MURO DO CO"
23;440;FORTALEZA;65;MESSEJANA;11;12;2;2;"LEGIO"" ATE A ""RUA ALMEIDA REGO"" DAI ATE A ""RUA FARIAS LEMOS"" ATE O PONTO INICIAL"
23;440;FORTALEZA;65;MESSEJANA;11;12;2;3;NaN
23;440;FORTALEZA;65;MESSEJANA;11;13;2;1;": DO PONTO INICIAL SEGUE PELA ""RUA ALBERTO TORRES DA SILVEIRA"" ATE ""RUA TOMAS ID"
23;440;FORTALEZA;65;MESSEJANA;11;13;2;2;"ELFONSO"" - ""RUA DUARTE DA COSTA"" - ""RUA VASCO DE ATAIDE"" - ""RUA BARTOLOMEU DIAS"""
23;440;FORTALEZA;65;MESSEJANA;11;13;2;3;" - ""RUA CORONEL JOAO DE OLIVEIRA"" - ""RUA NICOLAU COELHO"" ATE PONTO INICIAL"
23;440;FORTALEZA;65;MESSEJANA;11;13;2;4;NaN
23;440;FORTALEZA;65;MESSEJANA;11;14;2;1;": DO PONTO INICIAL SEGUE PELA ""RUA PEDRO DE ALCANTARA"" ATE ""RUA GUILHERME WLASSE"
23;440;FORTALEZA;65;MESSEJANA;11;14;2;2;"N"" - ""RUA VASCO DE ATAIDE"" - ""RUA TOMAS IDELFONSO"" ATE PONTO INICIAL"
23;440;FORTALEZA;65;MESSEJANA;11;15;2;1;": DO PONTO INICIAL SEGUE PELA ""RUA VASCO DE ATAIDE"" ATE ""RUA GUILHERME WLASSEN"""
23;440;FORTALEZA;65;MESSEJANA;11;15;2;2;"- ""RUA JOAQUIM BENTO"" (PERIMETRAL) - ""RUA VICENTE NOBRE MACEDO"" ATE PONTO INICIA"
23;440;FORTALEZA;65;MESSEJANA;11;15;2;3;L
23;440;FORTALEZA;65;MESSEJANA;11;16;2;1;": DO PONTO INICIAL SEGUE PELA ""RUA VASCO DE ATAIDE"" ATE ""RUA VICENTE NOBRE MACED"
23;440;FORTALEZA;65;MESSEJANA;11;16;2;2;"O"" - ""RUA JOAQUIM BENTO"" (PERIMETRAL) - ""RUA TOME DE SOUSA"" - ""RUA AFONSO HENRIQ"
23;440;FORTALEZA;65;MESSEJANA;11;16;2;3;"UE"" - ""RUA CAPANEMA"" ATE PONTO INICIAL"
23;440;FORTALEZA;65;MESSEJANA;11;17;2;1;": DO PONTO INICIAL SEGUE ATE A ""RUA BARTOLOMEU DIAS"" DAI ATE A ""RUA VASCO DE ATH"
23;440;FORTALEZA;65;MESSEJANA;11;17;2;2;"AIDE"" DAI ATE A ""RUA CAPANEMA"" DAI ATE A ""RUA AFONSO HENRIQUE"" DAI ATE A ""RUA NI"
23;440;FORTALEZA;65;MESSEJANA;11;17;2;3;"COLAU COELHO"" ATE O PONTO INICIAL"
23;440;FORTALEZA;65;MESSEJANA;11;18;2;1;": DO PONTO INICIAL SEGUE PELA ""RUA AFONSO HENRIQUE"" ATE A ""RUA TENENTE JOSE NILT"
23;440;FORTALEZA;65;MESSEJANA;11;18;2;2;"ON"" - ""RUA SARGENTO EXPEDITO"" - ""RUA PADRE PEDRO DE ALENCAR"" - ""RUA NICOLAU COEL"
23;440;FORTALEZA;65;MESSEJANA;11;18;2;3;"HO"" ATE O PONTO INICIAL"
23;440;FORTALEZA;65;MESSEJANA;11;19;2;1;": DO PONTO INICIAL SEGUE PELA ""RUA AFONSO HENRIQUE"" - ""RUA CAPANEMA"" - ""RUA GUIL"
23;440;FORTALEZA;65;MESSEJANA;11;19;2;2;"HERME PESSOA"" - ""RUA TENENTE JOSE NILTON"" ATE O PONTO INICIAL"
23;440;FORTALEZA;65;MESSEJANA;11;20;2;1;": DO PONTO INICIAL SEGUE PELA ""RUA AFONSO HENRIQUE"" - ""RUA TOME DE SOUSA"" - ""RUA"
23;440;FORTALEZA;65;MESSEJANA;11;20;2;2;" JOAQUIM BENTO OU PERIMETRAL"" - ""RUA CAPANEMA"" ATE O PONTO INICIAL"
23;440;FORTALEZA;65;MESSEJANA;11;21;2;1;": DO PONTO INICIAL SEGUE ATE A ""RUA ANTONIO BARROS"" DAI ATE A ""RUA PROFESSOR JOS"
23;440;FORTALEZA;65;MESSEJANA;11;21;2;2;"E HENRIQUE"" DAI ATE A ""RUA ERNESTO MATOS"" ATE O PONTO INICIAL"
23;440;FORTALEZA;65;MESSEJANA;11;22;2;1;": DO PONTO INICIAL SEGUE ATE A ""RUA INACIO ORIA"" DAI ATE A ""RUA PROFESSOR JOSE H"
23;440;FORTALEZA;65;MESSEJANA;11;22;2;2;"ENRIQUE"" DAI ATE A ""RUA CORONEL DIONISIO DE ALENCAR"" ATE O PONTO INICIAL"
23;440;FORTALEZA;65;MESSEJANA;11;22;2;3;NaN
23;440;FORTALEZA;65;MESSEJANA;11;23;2;1;": DO PONTO INICIAL SEGUE ATE A ""RUA INACIO ORIA"" DAI ATE A ""RUA JOAQUIM BENTO"" ("
23;440;FORTALEZA;65;MESSEJANA;11;23;2;2;"PERIMETRAL) DAI ATE A ""RUA JOAO PEREIRA"" DAI ATE A ""RUA JOAQUIM FELECIO"" DAI ATE"
23;440;FORTALEZA;65;MESSEJANA;11;23;2;3;" A ""RUA CORONEL DIONISIO DE ALENCAR"" ATE O PONTO INICIAL"
23;440;FORTALEZA;65;MESSEJANA;11;24;2;1;": DO PONTO INICIAL SEGUE ATE A ""RUA JOAO PEREIRA"" DAI SEGUE PELA A ""CERCA DE ARA"
23;440;FORTALEZA;65;MESSEJANA;11;24;2;2;"ME"" ATE A ""RUA JOSE HIPOLITO"" DAI ATE A ""RUA JOSE CAVALCANTE SOBRINHO"" DAI ATE A"
23;440;FORTALEZA;65;MESSEJANA;11;24;2;3;" ""RUA BARAO DE AQUIRAZ"" DAI ATE A ""RUA MANOEL CASTELO"" - ""RUA CORONEL DIONISIO D"
23;440;FORTALEZA;65;MESSEJANA;11;24;2;4;"E ALENCAR"" ATE PONTO INICIAL"
23;440;FORTALEZA;65;MESSEJANA;11;25;2;1;": DO PONTO INICIAL SEGUE ATE A ""RUA CORONEL GUILHERME DE ALENCAR"" DAI ATE A ""RUA"
23;440;FORTALEZA;65;MESSEJANA;11;25;2;2;" PADRE SEVERIANO"" DAI ATE A ""AVENIDA PALESTINA"" DAI ATE A ""RUA BARAO DE AQUIRAZ"""
23;440;FORTALEZA;65;MESSEJANA;11;25;2;3;" DAI ATE A ""RUA OSCAR"" DAI ATE A ""RUA CORONEL GUILHERME DE ALENCAR"" DAI ATE A ""T"
23;440;FORTALEZA;65;MESSEJANA;11;25;2;4;"RAVESSA OLIVEIRA CHAVES"" DAI ATE A ""RUA PADRE PEDRO DE ALENCAR"" ATE O PONTO INIC"
23;440;FORTALEZA;65;MESSEJANA;11;25;2;5;IAL
23;440;FORTALEZA;65;MESSEJANA;11;26;2;1;": DO PONTO INICIAL SEGUE ATE A ""RUA MANOEL CASTELO"" - ""RUA BARAO DE AQUIRAZ"" - """
23;440;FORTALEZA;65;MESSEJANA;11;26;2;2;"AVENIDA PALESTINA"" - ""RUA PADRE SEVERIANO"" - ""RUA CORONEL GUILHERME DE ALENCAR""-"
23;440;FORTALEZA;65;MESSEJANA;11;26;2;3;" ""RUA VENEZA"" - ""RUA PADRE PEDRO DE ALENCAR"" ATE PONTO INICIAL"
23;440;FORTALEZA;65;MESSEJANA;11;27;2;1;": DO PONTO INICIAL SEGUE PELA ""AVENIDA PRESIDENTE COSTA E SILVA"" ATE ""RUA PADRE"
23;440;FORTALEZA;65;MESSEJANA;11;27;2;2;"PEDRO ALENCAR"" - ""ESTRADA DO ANCURI"" ATE ""RODOVIA BR-116"" - ""RUA SANTA EFIGENIA"""
23;440;FORTALEZA;65;MESSEJANA;11;27;2;3;" - ""RUA GUARUJA"" - ""RUA ANGELICA GURGEL"" ATE PONTO INICIAL"
23;440;FORTALEZA;65;MESSEJANA;11;28;2;1;": DO PONTO INICIAL SEGUE PELA ""RUA PRESIDENTE COSTA E SILVA"" ATE ""RUA ANGELICA G"
23;440;FORTALEZA;65;MESSEJANA;11;28;2;2;"URGEL"" - ""RUA GUARUJA"" - ""RUA SANTA EFIGENIA"" ATE A ""RODOVIA BR-116"" ATE O PONTO"
23;440;FORTALEZA;65;MESSEJANA;11;28;2;3; INICIAL
23;440;FORTALEZA;65;MESSEJANA;11;29;2;1;": DO PONTO INICIAL SEGUE PELA ""RUA CAPITAO WALDEMAR PAULA"" ATE +CERCA+ ANTES DA"
23;440;FORTALEZA;65;MESSEJANA;11;29;2;2;"AVENIDA HUGO BEZERRA SEGUE POR ESTA CERCA DE ARAME ATE ""RUA SEM DENOMINACAO"" D"
23;440;FORTALEZA;65;MESSEJANA;11;29;2;3;"AI ATE ""ESTRADA DA CERAMICA"" ATE O PONTO INICIAL"
23;440;FORTALEZA;65;MESSEJANA;11;30;2;1;": DO PONTO INICIAL SEGUE PELA ""AVENIDA DEPUTADO PAULINO ROCHA"" - ""RUA MADRE ANA"
23;440;FORTALEZA;65;MESSEJANA;11;30;2;2;"COUTO"" - ""RUA CAPITAO WALDEMAR PAULA"" - ""ESTRADA DA CERAMICA"" - ""RIO COCO"" ATE O"
23;440;FORTALEZA;65;MESSEJANA;11;30;2;3; PONTO INICIAL
23;440;FORTALEZA;65;MESSEJANA;11;31;2;1;": DO PONTO INICIAL SEGUE PELA ""RUA MADRE ANA COUTO"" ATE ""RUA ALBERTO TORRES SILV"
23;440;FORTALEZA;65;MESSEJANA;11;31;2;2;"EIRA"" - ""RODOVIA BR-116"" - ""RUA AMARO BANDEIRA"" - ""RUA LOURABER MONTEIRO"" -  ""AV"
23;440;FORTALEZA;65;MESSEJANA;11;31;2;3;"ENIDA HUGO BEZERRA"" - ""RUA CAPITAO WALDEMAR P AULA"" ATE PONTO INICIAL"
23;440;FORTALEZA;65;MESSEJANA;11;32;2;1;": DO PONTO INICIAL SEGUE PELA ""AVENIDA HUGO BEZERRA"" ATE ""RUA LOURALBER MONTEIRO"
23;440;FORTALEZA;65;MESSEJANA;11;32;2;2;" - RUA AMARO BANDEIRA"" - ""RODOVIA BR-116"" - ""RUA JONAS BEZERRA"" - ""RUA GERALDO"
23;440;FORTALEZA;65;MESSEJANA;11;32;2;3;" SOARES"" - ""RUA MAXIMIANO BARRETO"" - ""RUA MARIA PERDIGAO"" ATE PONTO INICIAL"
23;440;FORTALEZA;65;MESSEJANA;11;32;2;4;NaN
23;440;FORTALEZA;65;MESSEJANA;11;33;2;1;": DO PONTO INICIAL SEGUE PELA ""RUA AMARO BANDEIRA"" ATE ""RUA MARIA PERDIGAO"" - ""R"
23;440;FORTALEZA;65;MESSEJANA;11;33;2;2;"UA MAXIMIANO BARRETO"" UMA +RETA+ ATE ""RUA CAPITAO WALDEMAR PAULA"" DAI ATE PONTO"
23;440;FORTALEZA;65;MESSEJANA;11;33;2;3;INICIAL
23;440;FORTALEZA;65;MESSEJANA;11;34;2;1;": DO PONTO INICIAL SEGUE PELA ""RODOVIA BR-116"" ATE ""AVENIDA PRESIDENTE COSTA E S"
23;440;FORTALEZA;65;MESSEJANA;11;34;2;2;"ILVA"" - ""RUA AUGUSTO CALHEIROS"" - ""RUA CLEA"" - ""RUA GERALDO SOARES"" - ""RUA JONAS"
23;440;FORTALEZA;65;MESSEJANA;11;34;2;3;" BEZERRA"" ATE PONTO INICIAL"
23;440;FORTALEZA;65;MESSEJANA;11;35;2;1;": DO PONTO INICIAL SEGUE PELA ""ESTRADA DA CERAMICA"" ATE A ""RUA SEM  DENOMINACAO"""
23;440;FORTALEZA;65;MESSEJANA;11;35;2;2;" DAI SEGUINDO PELA CERCA DE ARAME ATE A ""RUA CAP WALDEMAR PAULA""  ""AV HUGO BEZER"
23;440;FORTALEZA;65;MESSEJANA;11;35;2;3;"RA"" ""MARIA PERDIGAO"" ""RUA AMARO BANDEIRA"" ""RUA CAPITAO  VALDEMAR PAULA"" ""RUA MAX"
23;440;FORTALEZA;65;MESSEJANA;11;35;2;4;"IMIANO BARRETO"" - ""RUA GERALDO SOARES"" - ""RUA CLEIA""  - ""RUA AUGUSTO CALHEIROS"""
23;440;FORTALEZA;65;MESSEJANA;11;35;2;5;"RUA CINCO - ""RUA DEZESSEIS"" - ""RUA UM""  DAI UMA RETA ATE ""RIO COCO"" DAI ATE O"
23;440;FORTALEZA;65;MESSEJANA;11;35;2;6;PONTO INICIAL
23;440;FORTALEZA;65;MESSEJANA;11;36;2;1;": DO PONTO INICIAL SEGUE PELO ""RIO COCO"" ATE A ALTURA DA ""RUA UM"" SEGUE POR ESTA"
23;440;FORTALEZA;65;MESSEJANA;11;36;2;2;" ATE ""RUA DEZESSEIS"" - ""RUA CINCO"" - ""RUA VINTE E TRES"" - ""AVENIDA PRESIDENTE CO"
23;440;FORTALEZA;65;MESSEJANA;11;36;2;3;"STA E SILVA"" - ""RUA E"" - ""RUA SEM DENOMINACAO"" - ""TV ESPECIAL"" - ""AVENIDA COSTA"
23;440;FORTALEZA;65;MESSEJANA;11;36;2;4;"E SILVA"" ATE PONTO INICIAL"
23;440;FORTALEZA;65;MESSEJANA;11;37;2;1;": DO PONTO INICIAL SEGUE PELA ""AVENIDA PRESIDENTE COSTA E SILVA"" ATE ""TRAVESSA E"
23;440;FORTALEZA;65;MESSEJANA;11;37;2;2;"SPECIAL"" - ""RUA SEM DENOMINACAO"" - ""RUA E"" ATE PONTO INICIAL"
23;440;FORTALEZA;65;MESSEJANA;11;38;2;1;": DO PONTO INICIAL SEGUE PELA ""RUA DO CONTORNO"" OU ""RUA GREGORIO DE FRANCA"" ATE"
23;440;FORTALEZA;65;MESSEJANA;11;38;2;2;" CONFRONTAR COM ""AVENIDA DEPUTADO PAULINO ROCHA"" POR ESTA ATE ""RUA SEM DENOMINAC"
23;440;FORTALEZA;65;MESSEJANA;11;38;2;3;"AO"" QUE PASSA AO LADO DA UNIDADE DE TRATAMENTO SANITARIO. SEGUINDO POR ESTA CONT"
23;440;FORTALEZA;65;MESSEJANA;11;38;2;4;"ORNANDO AS ""PRACAS 1 2 E 3"" (INCLUSIVE) DAI PASSANDO EM FRENTE A IGREJA (EXCLUSI"
23;440;FORTALEZA;65;MESSEJANA;11;38;2;5;"VE) ATE A ""RUA DA CAIXA D„AGUA"" POR ESTA ATE O PONTO INICIAL"
23;440;FORTALEZA;65;MESSEJANA;11;39;2;1;": DO PONTO INICIAL SEGUE PELA ""RUA DO CONTORNO"" OU ""RUA GREGORIO DE FRANCA"" ATE"
23;440;FORTALEZA;65;MESSEJANA;11;39;2;2;"A ""RUA DA CAIXA D'AGUA"" SEGUE POR ESTA PASSANDO PELA FRENTE DA IGREJA(INCLUSIVE)"
23;440;FORTALEZA;65;MESSEJANA;11;39;2;3;" CONTORNANDO AS ""PRACAS 3 2 E 1"" (EXCLUSIVE) ATE A ""RUA SEM DENOMINACAO"" QUE PAS"
23;440;FORTALEZA;65;MESSEJANA;11;39;2;4;"SA AO LADO DA UNIDADE DE TRATAMENTO SANITARIO POR ESTA ATE A ""AVENIDA DEPUTADO"
23;440;FORTALEZA;65;MESSEJANA;11;39;2;5;"PAULINO ROCHA"" ATE O PONTO INICIAL"
23;440;FORTALEZA;65;MESSEJANA;11;40;2;1;": DO PONTO INICIAL SEGUE PELA ""AVENIDA DEPUTADO PAULINO ROCHA"" ATE CONFRONTAR-SE"
23;440;FORTALEZA;65;MESSEJANA;11;40;2;2;" COM O ""RIO COCO"" SEGUE PELO ""RIO COCO"" ATE O ""RIACHO"" POR ESTE ATE A ""RUA SEM D"
23;440;FORTALEZA;65;MESSEJANA;11;40;2;3;"ENOMINACAO"" DAI ATE A ""AVENIDA DEPUTADO PAULINO ROCHA"" ATE O PONTO INICIAL"
23;440;FORTALEZA;65;MESSEJANA;11;40;2;4;NaN
23;440;FORTALEZA;65;MESSEJANA;11;41;2;1;": DO PONTO INICIAL SEGUE PELA ""RODOVIA BR-116"" - ""VILA SAO JOSE DE NAZARE"" - ""RU"
23;440;FORTALEZA;65;MESSEJANA;11;41;2;2;"A TIBURCIO PEREIRA"" - ""RUA SEM DENOMINACAO"" - ""RUA TITO BARROS"" - ""AVENIDA DEPUT"
23;440;FORTALEZA;65;MESSEJANA;11;41;2;3;"ADO PAULINO ROCHA"" CONTINUACAO DA ""RUA LUIS SARAIVA"" - ""RIACHO SEM DENOMINACAO"""
23;440;FORTALEZA;65;MESSEJANA;11;41;2;4;"QUE VAI AO ""RIO COCO"" DAI ATE O PONTO INICIAL"
23;440;FORTALEZA;65;MESSEJANA;11;42;2;1;": DO PONTO INICIAL SEGUE PELA ""RUA PADRE PAULINO"" - ""RUA TIBURCIO PEREIRA"" - ""VI"
23;440;FORTALEZA;65;MESSEJANA;11;42;2;2;"LA SAO JOSE DE NAZARE"" - ""RODOVIA BR-116"" ATE PONTO INICIAL"
23;440;FORTALEZA;65;MESSEJANA;11;43;2;1;": DO PONTO INICIAL SEGUE PELA ""RODOVIA BR-116"" ATE ""RUA ENFERMEIRO JOAQUIM PINTO"
23;440;FORTALEZA;65;MESSEJANA;11;43;2;2;" - AVENIDA DEPUTADO PAULINO ROCHA"" ATE A ""RUA TITO BARROS"" - ""TRAVESSA SEM DEN"
23;440;FORTALEZA;65;MESSEJANA;11;43;2;3;"OMINACAO"" - ""RUA TIBURCIO PEREIRA"" - ""RUA PADRE PAULINO"" ATE PONTO INICIAL"
23;440;FORTALEZA;65;MESSEJANA;11;43;2;4;NaN
23;440;FORTALEZA;65;MESSEJANA;11;44;2;1;": DO PONTO INICIAL SEGUE PELA ""RODOVIA BR-116"" - ""RUA ROSA VIRGINIA"" - ""RUA FRAN"
23;440;FORTALEZA;65;MESSEJANA;11;44;2;2;"CISCO NOGUEIRA LIMA"" SEGUINDO PELA ""RUA O"" ATE A ""RUA 1"" POR ESTA EM LINHA RETA"
23;440;FORTALEZA;65;MESSEJANA;11;44;2;3;"ATE A ""RUA DO CONTORNO"" OU ""RUA GREGORIO DE FRANCA"" DAI ATE A ""AVENIDA DEPUTADO"
23;440;FORTALEZA;65;MESSEJANA;11;44;2;4;"PAULINO ROCHA"" DAI ATE A ""RUA ENFERMEIRO JOAQUIM PINTO"" ATE O PONTO INICIAL"
23;440;FORTALEZA;65;MESSEJANA;11;44;2;5;NaN
23;440;FORTALEZA;65;MESSEJANA;11;45;2;1;": DO PONTO INICIAL SEGUE PELA ""RUA ZERO"" OU ""RUA FRANCISCO NOGUEIRA LIMA"" - ""RUA"
23;440;FORTALEZA;65;MESSEJANA;11;45;2;2;" ROSA VIRGINIA"" - ""RUA CORONEL ZACARIAS J DE FRANCA"" - ""RUA 1"" ATE O PONTO INICI"
23;440;FORTALEZA;65;MESSEJANA;11;45;2;3;AL
23;440;FORTALEZA;65;MESSEJANA;11;46;2;1;": DO PONTO INICIAL SEGUE PELA ""RUA GREGORIO DE FRANCA"" ATE CONFRONTAR-SE COM A """
23;440;FORTALEZA;65;MESSEJANA;11;46;2;2;"RUA 1"" - ""RUA CORONEL ZACARIAS DE FRANCA"" - ""RUA ROSA VIRGINIA"" - ""RODOVIA BR-11"
23;440;FORTALEZA;65;MESSEJANA;11;46;2;3;"6"" - ""AV FREI CIRILO"" - ""RUA ALBERTO TORRES SILVEIRA"" - ""RUA MADRE ANA COUTO"" -"
23;440;FORTALEZA;65;MESSEJANA;11;46;2;4;AVENIDA DEPUTADO PAULINO ROCHA ATE O PONTO INICIAL
23;440;FORTALEZA;65;MESSEJANA;11;47;2;1;": DO PONTO INICIAL SEGUE ATE A ""AVENIDA DESEMBARGADOR GONZAGA"" DAI ATE A ""ESTRAD"
23;440;FORTALEZA;65;MESSEJANA;11;47;2;2;"A DO SITIO CANABEBAI"" DAI ATE A ""AVENIDA ENGENHEIRO JOSE GUIMARAES"" DAI ATE A ""A"
23;440;FORTALEZA;65;MESSEJANA;11;47;2;3;"VENIDA PEDRO LAZAR"" DAI ATE A ""AVENIDA MINISTRO JOSE AMERICO"" DAI ATE A ""RUA FAR"
23;440;FORTALEZA;65;MESSEJANA;11;47;2;4;"IAS LEMOS"" DAI ATE A ""RUA NEWTON CRAVEIRO"" DAI ATE A ""BR 116"" ATE O PONTO INICIA"
23;440;FORTALEZA;65;MESSEJANA;11;47;2;5;L
23;440;FORTALEZA;65;MESSEJANA;11;48;2;1;": DO PONTO INICIAL SEGUE ATE A ""RUA FARIAS LEMOS"" DAI ATE A ""AVENIDA MINISTRO JO"
23;440;FORTALEZA;65;MESSEJANA;11;48;2;2;"SE AMERICO"" DAI ATE A ""RUA ELISIARIO MENDES"" ATE O PONTO INICIAL"
23;440;FORTALEZA;65;MESSEJANA;11;49;2;1;": DO PONTO INICIAL SEGUE ATE A ""BR 116"" DAI ATE A ""RUA NEWTON CRAVEIRO"" DAI ATE"
23;440;FORTALEZA;65;MESSEJANA;11;49;2;2;"A ""RUA ELISIARIO MENDES"" DAI ATE A ""AVENIDA MINISTRO JOSE AMERICO"" DAI ATE A ""RU"
23;440;FORTALEZA;65;MESSEJANA;11;49;2;3;"A FAUSTO AGUIAR"" DAI ATE A ""RUA INACIO VASCONCELOS"" ATE O PONTO INICIAL"
23;440;FORTALEZA;65;MESSEJANA;11;49;2;4;NaN
23;440;FORTALEZA;65;MESSEJANA;11;127;2;1;": DO PONTO INICIAL SEGUE PELA ""RUA NENEM ARRUDA"" - ""RUA SAO MIGUEL"" OU ""RUA CAPI"
23;440;FORTALEZA;65;MESSEJANA;11;127;2;2;"TAO JUSTINO FERREIRA RAMOS"" - ""AVENIDA CURIO"" - ""AVENIDA ODILON GUIMARAES"" ATE O"
23;440;FORTALEZA;65;MESSEJANA;11;127;2;3; PONTO INICIAL
23;440;FORTALEZA;65;MESSEJANA;11;128;2;1;": DO PONTO INICIAL SEGUE PELA ""AVENIDA ODILON GUIMARAES"" - ""AVENIDA GUILHERME WL"
23;440;FORTALEZA;65;MESSEJANA;11;128;2;2;"ASSEN"" - ""RUA PASCOAL MOREIRA"" - ""TRAVESSA CAPRICHO"" ATE O PONTO INICIAL"
23;440;FORTALEZA;65;MESSEJANA;11;128;2;3;NaN
23;440;FORTALEZA;65;MESSEJANA;11;129;2;1;": DO PONTO INICIAL SEGUE PELA ""RUA CAIO FACO"" - ""RUA PEDRO LOPES"" - ""RUA FEREIRA"
23;440;FORTALEZA;65;MESSEJANA;11;129;2;2;" BARROS"" - ""RUA VILA NOVA"" - ""RUA SEM DENOMINACAO"" - ""AVENIDA ODILON GUIMARAES"""
23;440;FORTALEZA;65;MESSEJANA;11;129;2;3;"- ""AVENIDA CURIO"" ATE O PONTO INICIAL"
23;440;FORTALEZA;65;MESSEJANA;11;130;2;1;": DO PONTO INICIAL SEGUE PELA ""AVENIDA ODILON GUIMARAES"" - ""RUA SEM DENOMINACAO"""
23;440;FORTALEZA;65;MESSEJANA;11;130;2;2;" - ""RUA VILA NOVA"" - ""RUA FERREIRA BARROS"" - ""RUA PEDRO LOPES"" ATE O PONTO INICI"
23;440;FORTALEZA;65;MESSEJANA;11;130;2;3;AL
23;440;FORTALEZA;65;MESSEJANA;11;131;2;1;": DO PONTO INICIAL SEGUE PELA ""RUA PEDRO LOPES"" ATE A ""RUA COSME DE ALMEIDA"" - """
23;440;FORTALEZA;65;MESSEJANA;11;131;2;2;"RUA PROFESSOR JOSE HENRIQUE"" - ""RUA JOAO PEREIRA"" - ""AVENIDA ODILON GUIMARAES"" A"
23;440;FORTALEZA;65;MESSEJANA;11;131;2;3;TE O PONTO INICIAL
23;440;FORTALEZA;65;MESSEJANA;11;132;2;1;": DO PONTO INICIAL SEGUE PELA ""RUA PEDRO LOPES"" - ""RUA CAIO FACO"" - ""RUA PROFESS"
23;440;FORTALEZA;65;MESSEJANA;11;132;2;2;"OR JOSE HENRIQUE"" - ""RUA COSME DE ALMEIDA"" ATE O PONTO INICIAL"
23;440;FORTALEZA;65;MESSEJANA;11;133;2;1;": DO PONTO INICIAL SEGUE PELA ""RUA PROFESSOR JOSE HENRIQUE"" - ""ESTRADA GUJERU"" -"
23;440;FORTALEZA;65;MESSEJANA;11;133;2;2;" ""RUA SAO FRANCISCO"" - ""RUA JOSE HIPOLITO"" - (CERCA DE ARAME) ""RUA JOAO PEREIRA"""
23;440;FORTALEZA;65;MESSEJANA;11;133;2;3; ATE O PONTO INICIAL
23;440;FORTALEZA;65;MESSEJANA;11;134;2;1;": DO PONTO INICIAL SEGUE ATE A ""RUA SANTA ROSA"" DAI ATE A ""RUA BARAO DE AQUIRAZ"""
23;440;FORTALEZA;65;MESSEJANA;11;134;2;2;" DAI ATE A ""RUA JOSE CAVALCANTE"" ATE O PONTO INICIAL"
23;440;FORTALEZA;65;MESSEJANA;11;135;2;1;": DO PONTO INICIAL SEGUE ATE PELO ""RIO COACU"" ATE A ""RUA BARAO DE AQUIRAZ"" DAI A"
23;440;FORTALEZA;65;MESSEJANA;11;135;2;2;"TE A ""RUA SANTA ROSA"" ATE O PONTO INICIAL"
23;440;FORTALEZA;65;MESSEJANA;11;136;2;1;": DO PONTO INICIAL SEGUE PELA ""AVINIDA CURIO"" - ""RUA NELSON COELHO"" - ""RUA MARTI"
23;440;FORTALEZA;65;MESSEJANA;11;136;2;2;"NS DE ARAUJO"" - ""TRAVESSA TORINO"" - ""RIACHO DO SANGRADOURO DO ACUDE GUARANI"" - """
23;440;FORTALEZA;65;MESSEJANA;11;136;2;3;"RUA JOSE HIPOLITO"" - ""RUA SAO JOSE"" - ""RUA SAO FRANCISCO"" - ""ESTRADA DO GUAJERU"""
23;440;FORTALEZA;65;MESSEJANA;11;136;2;4;" - ""RUA CAIO FACO"" - ""RUA JOSE BELCHIOR"" - ""RUA JOSE BONFIM JUNIOR"" - ""RUA PEDRO"
23;440;FORTALEZA;65;MESSEJANA;11;136;2;5;" LOPES"" - ""RUA CAIO FACO"" ATE O PONTO INICIAL"
23;440;FORTALEZA;65;MESSEJANA;11;137;2;1;": DO PONTO INICIAL SEGUE PELA ""RUA PEDRO LOPES"" - ""RUA JOSE BONFIM JUNIOR"" - ""RU"
23;440;FORTALEZA;65;MESSEJANA;11;137;2;2;"A JOSE BELCHIOR"" - ""RUA CAIO FACO"" ATE O PONTO INICIAL"""
23;440;FORTALEZA;65;MESSEJANA;11;138;2;1;": DO PONTO INICIAL SEGUE PELA ""RUA MURITIPUA"" - ""RUA CAJASEIRAS"" - ""RUA ELSA LEI"
23;440;FORTALEZA;65;MESSEJANA;11;138;2;2;"TE ALBUQUERQUE"" - ""TRAVESSA NENEM ARRUDA"" - ""AVINIDA CURIO"" - ""RUA CAPITAO JUSTI"
23;440;FORTALEZA;65;MESSEJANA;11;138;2;3;"NO FERREIRA RAMOS"" ATE O PONTO INICIAL"
23;440;FORTALEZA;65;MESSEJANA;11;139;2;1;": DO PONTO INICIAL SEGUE PELA ""RUA JOSE ANDRE"" - ""ESTRADA JOSE SALES"" - ""RUA SAP"
23;440;FORTALEZA;65;MESSEJANA;11;139;2;2;"ICUA"" - ""AVENIDA CURIO"" - ""TRAVESSA NENEM ARRUDA"" - ""RUA ELZA LEITE ALBUQUERQUE"""
23;440;FORTALEZA;65;MESSEJANA;11;139;2;3;" - ""RUA CAJAZEIRAS"" - ""RUA MURITIPUA"" - ""RUA CAPITAO JUSTINO FERREIRA RAMOS"" - """
23;440;FORTALEZA;65;MESSEJANA;11;139;2;4;"AVENIDA ODILON GUIMARAES"" ATE O PONTO INICIAL"
23;440;FORTALEZA;65;MESSEJANA;11;140;2;1;": DO PONTO INICIAL SEGUE PELA ""AVENIDA MAESTRO LISBOA"" - ""AVENIDA RECREIO"" - ""AV"
23;440;FORTALEZA;65;MESSEJANA;11;140;2;2;"ENIDA CURIO"" - ""RUA SAPICUA"" - ""ESTRADA JOSE SALES"" - ""RUA JOSE ANDRE"" - ""AVENID"
23;440;FORTALEZA;65;MESSEJANA;11;140;2;3;"A ODILON GUIMARAES"" ATE O PONTO INICIAL"
23;440;FORTALEZA;65;MESSEJANA;11;141;2;1;": DO PONTO INICIAL SEGUE PELA ""AVENIDA MAESTRO LISBOA"" ATE A PONTE SOBRE A ""LAGO"
23;440;FORTALEZA;65;MESSEJANA;11;141;2;2;"A DA PRECABURA""(LIMITE INTERMUNICIPAL COM ""AQUIRAZ"") SEGUINDO PELA ""LAGOA"" ATE A"
23;440;FORTALEZA;65;MESSEJANA;11;141;2;3;" CONFRONTACAO DA ""RUA DAS LARANJEIRAS"" - ""AVENIDA RECREIO"" ATE O PONTO INICIAL"
23;440;FORTALEZA;65;MESSEJANA;11;142;2;1;": DO PONTO INICIAL SEGUE PELA ""RUA DAS LARANJEIRAS"" DAI NUMA RETA ATE A ""LAGOA D"
23;440;FORTALEZA;65;MESSEJANA;11;142;2;2;"A PRECABURA"" NO (LIMITE INTERMUNICIPAL COM AQUIRAZ) DAI SEGUE PELA LAGOA ATE A C"
23;440;FORTALEZA;65;MESSEJANA;11;142;2;3;"ONFRONTACAO DA ""RUA NELSON COELHO"" INDO ATE ESTA E POR ESTA ATE ""AVENIDA RECRE I"
23;440;FORTALEZA;65;MESSEJANA;11;142;2;4;"O"" ATE O PONTO INICIAL"
23;440;FORTALEZA;65;MESSEJANA;11;143;2;1;": DO PONTO INICIAL SEGUE PELA ""RUA NELSON COELHO"" ATE A ""LAGOA DA PRECABURA"" (LI"
23;440;FORTALEZA;65;MESSEJANA;11;143;2;2;"MITE INTERMUNICIPAL COM AQUIRAZ) SEGUINDO PELA MESMA ATE O ""RIO COACU"" SU BINDO"
23;440;FORTALEZA;65;MESSEJANA;11;143;2;3;"POR ESTE ATE A ""RUA JOSE HIPOLITO"" OU ""ESTRADA DO FIO"" ATE O ""RIACHO DO SANGRADO"
23;440;FORTALEZA;65;MESSEJANA;11;143;2;4;"URO DO ACUDE GUARANI"" POR ESTE ATE A ""TRAVESSA TOURINO"" - ""RUA MARTINS ARAUJO"" A"
23;440;FORTALEZA;65;MESSEJANA;11;143;2;5;TE O PONTO INICIAL
23;440;FORTALEZA;65;MESSEJANA;11;144;2;1;": DO PONTO INICIAL SEGUE PELA ""MARGEM DO OCEANO ATLANTICO"" - ""BARRA DO RIO PACOT"
23;440;FORTALEZA;65;MESSEJANA;11;144;2;2;"I"" SEGUE PELO ""RIACHO GAMBOA DACUNHA"" DEPOIS PELA ""ESTRADA DA COFECO"" OU ""AVENID"
23;440;FORTALEZA;65;MESSEJANA;11;144;2;3;"A MAESTRO LISBOA"" DEPOIS PELA ""RUA FRANCISCO MATIAS"" DAI ATE A ""ESTRADA DA SABIA"
23;440;FORTALEZA;65;MESSEJANA;11;144;2;4;"GUABA"" ATE O PONTO INICIAL"
23;440;FORTALEZA;65;MESSEJANA;11;145;2;1;": DO PONTO INICIAL SEGUE ATE A ""RUA PADRE PEDRO ALENCAR"" DAI ATE A ""RUA MANOEL V"
23;440;FORTALEZA;65;MESSEJANA;11;145;2;2;"IRINO"" DAI SEGUE PELA A ""ESTRADA VELHA DA PAUPINA"" DAI ATE A ""RUA MURARA"" DAI AT"
23;440;FORTALEZA;65;MESSEJANA;11;145;2;3;"E A ""ESTRADA VELHA DA PAUPINA"" DAI ATE A ""RUA JOAQUIM MACHADO"" ATE O PONTO INICI"
23;440;FORTALEZA;65;MESSEJANA;11;145;2;4;AL
23;440;FORTALEZA;65;MESSEJANA;11;146;2;1;": DO PONTO INICIAL SEGUE ATE A ""RUA BARAO DE AQUIRAZ"" DAI ATE A ""RUA CLEMENTE PE"
23;440;FORTALEZA;65;MESSEJANA;11;146;2;2;"REIRA"" DAI ATE A ""RUA CORONEL GUILHERME DE ALENCAR"" ATE O PONTO INICIAL"
23;440;FORTALEZA;65;MESSEJANA;11;146;2;3;NaN
23;440;FORTALEZA;65;MESSEJANA;11;147;2;1;": DO PONTO INICIAL SEGUE ATE A ""TRAVESSA OLIVEIRA CHAVES"" DAI ATE A ""RUA CORONEL"
23;440;FORTALEZA;65;MESSEJANA;11;147;2;2;" GUILHERME DE ALENCAR"" DAI ATE A ""RUA CLEMENTE PEREIRA"" DAI ATE A ""RUA BARAO DE"
23;440;FORTALEZA;65;MESSEJANA;11;147;2;3;"AQUIRAZ"" DAI ATE A ""RUA LUIS XAVIER"" DAI ATE A ""RUA MANOEL VIRINO"" ATE O PONTO I"
23;440;FORTALEZA;65;MESSEJANA;11;147;2;4;NICIAL
23;440;FORTALEZA;65;MESSEJANA;11;148;2;1;": DO PONTO INICIAL SEGUE PELA ""BARAO DE AQUIRAZ"" ATE A ""RUA CORONEL LUIZ FIDELIS"
23;440;FORTALEZA;65;MESSEJANA;11;148;2;2;" OU RUA SANTA LUCRECIA"" POR ESTA ATE A ""RUA TROPICAL"" DAI ATE A ""RUA MONTES VE"
23;440;FORTALEZA;65;MESSEJANA;11;148;2;3;"RDES"" INDO ATE A ""RUA LUIZ XAVIER"" ATE O PONTO INICIAL"
23;440;FORTALEZA;65;MESSEJANA;11;149;2;1;": DO PONTO INICIAL SEGUE PELA ""RUA MANOEL VIRINO"" ATE A ""RUA LUIZ XAVIER"" POR  E"
23;440;FORTALEZA;65;MESSEJANA;11;149;2;2;"STA ATE A ""RUA MONTES VERDES"" DEPOIS PELA ""RUA TROPICAL"" INDO PELA ""RUA LUIZ  FI"
23;440;FORTALEZA;65;MESSEJANA;11;149;2;3;"DELIS"" OU ""RUA SANTA LUCRECIA"" ATE A ""RUA BARAO DE AQUIRAZ"" DEPOIS ATE O  ""RIO C"
23;440;FORTALEZA;65;MESSEJANA;11;149;2;4;"UACU"" ATE CONFRONTAR-SE COM A ""RUA 15"" POR ESTA ATE A ""RUA SEM  DENOMINACAO"" DEP"
23;440;FORTALEZA;65;MESSEJANA;11;149;2;5;"OIS PELA ""RUA DO CONTORNO OESTE"" POR ESTA ATE A ""RUA SEM  DENOMINACAO"" ATE A ""RU"
23;440;FORTALEZA;65;MESSEJANA;11;149;2;6;"A ANTERO QUENTAL"" INDO ATE O PONTO INICIAL"
23;440;FORTALEZA;65;MESSEJANA;11;149;2;7;NaN
23;440;FORTALEZA;65;MESSEJANA;11;150;2;1;": DO PONTO INICIAL SEGUE PELA ""RUA SEM DENOMINACAO"" = ""RUA 15"" - ""RUA DO CONTORN"
23;440;FORTALEZA;65;MESSEJANA;11;150;2;2;"O SUL"" DEPOIS SEGUE PELA ""RUA 5"" ATE O PONTO INICIAL"
23;440;FORTALEZA;65;MESSEJANA;11;151;2;1;": DO PONTO INICIAL SEGUE PELA ""ESTRADA VELHA DA PAUPINA"" - ""RUA SEM DENOMINA CAO"
23;440;FORTALEZA;65;MESSEJANA;11;151;2;2;" - AVENIDA DO CONTORNO OESTE"" - ""RUA SEM DENOMINACAO"" - ""RUA 5"" - ""AVENIDA  DO"
23;440;FORTALEZA;65;MESSEJANA;11;151;2;3;" CONTORNO SUL"" INDO ATE O SEU FINAL - DAI SEGUE PELO ""RIO COACU"" ATE A "" RUA DUA"
23;440;FORTALEZA;65;MESSEJANA;11;151;2;4;"RTE COELHO"" - ""RUA MIGUEL GUSTAVO"" - ""RUA JOAQUIM MACHADO"" ATE O PONTO INICIAL"
23;440;FORTALEZA;65;MESSEJANA;11;152;2;1;": DO PONTO INICIAL SUGUE ATE A ""RUA ANTERO QUENTAL"" DAI ATE A ""RUA DUARTE COELHO"
23;440;FORTALEZA;65;MESSEJANA;11;152;2;2;" DAI ATE A BR 116"" ATE O PONTO INICIAL"
23;440;FORTALEZA;65;MESSEJANA;11;153;2;1;": DO PONTO INICIAL SEGUE ATE A ""RUA ANTERO QUENTAL"" DAI ATE A ""RUA JOAQUIM  MACH"
23;440;FORTALEZA;65;MESSEJANA;11;153;2;2;"ADO"" DAI ATE A ""RUA MIGUEL GUSTAVO"" DAI ATE A ""RUA DUARTE COELHO"" DAI  SEGUE PEL"
23;440;FORTALEZA;65;MESSEJANA;11;153;2;3;"A ""MARGEM DO RIACHO CARRO QUEBRADO"" ATE A ""RUA DA PAZ"" DAI ATE A   ""RUA DA SAUDA"
23;440;FORTALEZA;65;MESSEJANA;11;153;2;4;"DE"" DAI ATE A ""RUA 1 DO PARQUE ELIZABETH 2"" DAI ATE A ""RUA  PORTO FELIZ"" DAI ATE"
23;440;FORTALEZA;65;MESSEJANA;11;153;2;5;" A ""RUA 25 DE DEZEMBRO"" DAI ATE A ""BR 116"" ATE O PONTO  INICIAL"
23;440;FORTALEZA;65;MESSEJANA;11;154;2;1;": DO PONTO INICIAL SEGUE PELA ""RUA DA PAZ"" ATE A ""MARGEM DO RIACHO CARRO QUEBRAD"
23;440;FORTALEZA;65;MESSEJANA;11;154;2;2;"O"" POR ESTA ATE A ""CERCA DE ARAME"" DAI ATE O ""PLANALTO DO S"" ATE O PONTO INICIAL"
23;440;FORTALEZA;65;MESSEJANA;11;154;2;3;NaN
23;440;FORTALEZA;65;MESSEJANA;11;155;2;1;": DO PONTO INICIAL SEGUE ATE A ""RUA PORTO FELIZ"" DAI ATE A ""RUA 1 DO PARQUE  ELI"
23;440;FORTALEZA;65;MESSEJANA;11;155;2;2;"ZABETH 2"" DAI ATE A ""RUA DA SAUDADE"" DAI ATE A ""RUA DA PAZ"" DAI ATE O  ""PLANALTO"
23;440;FORTALEZA;65;MESSEJANA;11;155;2;3;" DO S"" DAI ATE A ""CERCA DE ARAME"" DAI SEGUE ATE A""MARGEM DO RIACHO  CARRO QUEBRA"
23;440;FORTALEZA;65;MESSEJANA;11;155;2;4;"DO"" DAI ATE A ""VIA 4  ANEL VIARIO"" DAI ATE A ""BR 116"" ATE O PONTO  INICIAL"
23;440;FORTALEZA;65;MESSEJANA;11;156;2;1;": DO PONTO INICIAL SEGUE ATE A""MARGEM DO RIACHO CARRO QUEBRADO"" POR ESTA ATE A """
23;440;FORTALEZA;65;MESSEJANA;11;156;2;2;"BR 116"" DAI ATE O PONTO INICIAL"
23;440;FORTALEZA;65;MESSEJANA;11;157;2;1;": DO PONTO INICIAL SEGUE PELA ""RUA DO CRUZEIRO"" - ""BR 116"" - ""RUA ANDA LUZIA"" -"
23;440;FORTALEZA;65;MESSEJANA;11;157;2;2;"RUA AGUATE - ""RUA TRAIRA"" - ""RUA CLAUDINA MARIA"" - ""RUA ANTONIO CONRADO"" DAI E"
23;440;FORTALEZA;65;MESSEJANA;11;157;2;3;"M RETA ATE O ""ACUDE TAIRA"" CIRCUNDANDO O ACUDE ATE A ""TUBULACAO DA CAGECE"" PROSS"
23;440;FORTALEZA;65;MESSEJANA;11;157;2;4;"EGUINDO ATE A ""ESTRADA DO SITIO SAO FRANCISCO"" DAI ATE O PONTO INICIAL"
23;440;FORTALEZA;65;MESSEJANA;11;158;2;1;": DO PONTO INICIAL SEGUE PELA ""RUA RAIMUNDO MATIAS"" ATE A ""RUA LUIZ BENTO""  POR"
23;440;FORTALEZA;65;MESSEJANA;11;158;2;2;"ESTA ATE A ""RUA JOAQUIM TRAJANA"" POR ESTA ATE A ""RUA PEREIRA COUTINHO""  POR ESTA"
23;440;FORTALEZA;65;MESSEJANA;11;158;2;3;" ATE A ""RUA LUIZ REIS"" POR ESTA ATE A ""ESTRADA DO SITIO SAO  FRANCISCO"" POR ESTA"
23;440;FORTALEZA;65;MESSEJANA;11;158;2;4;" ATE A ""TUBULACAO DA CAGECE"" INDO POR ESTA ATE O ""ACUDE  TAIRA"" SEGUE POR SUA MA"
23;440;FORTALEZA;65;MESSEJANA;11;158;2;5;"RGEM ESQUERDA ATE A CONFRONTACAO DA ""RUA ANTONIO  CONRADO"" DAI EM RETA ATE A CIT"
23;440;FORTALEZA;65;MESSEJANA;11;158;2;6;"ADA RUA INDO POR ESTA ATE A CONFRONTACAO DA  INCIDENCIA DA ""RUA LUIZ BENTO NA RU"
23;440;FORTALEZA;65;MESSEJANA;11;158;2;7;"A ANDA LUZIA"" DAI EM RETA ATE A ""RUA ANDA  LUZIA"" POR ESTA ATE A ""BR 116"" E POR"
23;440;FORTALEZA;65;MESSEJANA;11;158;2;8;"ESTA ATE A ""RUA RAIMUNDO MATIAS PONTO  INICIAL"
23;440;FORTALEZA;65;MESSEJANA;11;159;2;1;": DO PONTO INICIAL SEGUE PELA ""RUA CLAUDINA MARIA"" ATE A ""RUA TRAPIA"" POR  ESTA"
23;440;FORTALEZA;65;MESSEJANA;11;159;2;2;"ATE A ""RUA AGUATE"" POR ESTA ATE A ""RUA ANDA LUZIA"" POR ESTA ATE O FINAL  DA ""RUA"
23;440;FORTALEZA;65;MESSEJANA;11;159;2;3;" LUIZ BENTO"" DAI EM RETA PARA A ""RUA ANTONIO CONRADO"" E POR ESTA ATE A  INCIDENC"
23;440;FORTALEZA;65;MESSEJANA;11;159;2;4;"IA DA ""RUA CLAUDINA MARIA"" PONTO INICIAL"
23;440;FORTALEZA;65;MESSEJANA;11;160;2;1;": DO PONTO INICIAL SEGUE PELA ""ESTRADA DO SITIO SAO FRANCISCO"" ATE A ""RUA   LUIZ"
23;440;FORTALEZA;65;MESSEJANA;11;160;2;2;" REIS"" DAI EM RETA ATE O ""MORRO DO ANCURI"" NA ESTACAO DE ELEVACAO DA   CAGECE DA"
23;440;FORTALEZA;65;MESSEJANA;11;160;2;3;"I EM RETA PARA A INCIDENCIA DA ""RUA DA VACARIA DA CILA"" NA ""ESTRADA   DO ANCURI"""
23;440;FORTALEZA;65;MESSEJANA;11;160;2;4;" E POR ESTA ATE A ""ESTRADA PARA O SITIO SAO FRANCISCO"" PONTO   INICIAL"
23;440;FORTALEZA;65;MESSEJANA;11;161;2;1;": PONTO INICIAL SEGUE PELA ""RUA JURANDIR DE ALENCAR"" - ""RUA SAO LEOPOLDO"" - ""RUA"
23;440;FORTALEZA;65;MESSEJANA;11;161;2;2;" DO CRUZEIRO: - ""ESTRADA DO SITIO SAO FRANCISCO"" - ""ESTRADA DO ANCURI"" ATE O PON"
23;440;FORTALEZA;65;MESSEJANA;11;161;2;3;TO INICIAL
23;440;FORTALEZA;65;MESSEJANA;11;162;2;1;": DO PONTO INICIAL SEGUE PELA ""BR 116"" - ""RUA DO CRUZEIRO"" - ""RUA SAO LEOPOLDO"""
23;440;FORTALEZA;65;MESSEJANA;11;162;2;2;"- ""RUA CORONEL ALIPIO DA CUNHA"" - ""RUA HONORATO SILVA"" - ""RUA BREJO SANTOS"" ATE"
23;440;FORTALEZA;65;MESSEJANA;11;162;2;3;O PONTO INICIAL
23;440;FORTALEZA;65;MESSEJANA;11;163;2;1;": DO PONTO INICIAL SEGUE PELA ""BR 116"" ATE A ""RUA BREJO SANTOS"" - ""RUA HONORATO"
23;440;FORTALEZA;65;MESSEJANA;11;163;2;2;"SILVA"" - ""RUA CORONEL ALIPIO DA CUNHA"" ATE O PONTO INICIAL"
23;440;FORTALEZA;65;MESSEJANA;11;164;2;1;": DO PONTO INICIAL SEGUE PELA ""TRAVESSA SANTA MARIA"" ATE ""RUA GUILHERME DE ALMEI"
23;440;FORTALEZA;65;MESSEJANA;11;164;2;2;"DA"" - ""TRAVESSA CAPUCHINHO"" - ""RUA HONORATO SILVA"" ATE PONTO INICIAL"
23;440;FORTALEZA;65;MESSEJANA;11;165;2;1;": DO PONTO INICIAL SEGUE PELA ""RUA JOSENO MONTEIRO"" ATE ""RUA MARIA QUINTINO"" - """
23;440;FORTALEZA;65;MESSEJANA;11;165;2;2;"RUA JOSE MOREIRA GUARANI"" - ""RUA HONORIO MAIA"" ATE PONTO INICIAL"
23;440;FORTALEZA;65;MESSEJANA;11;166;2;1;": DO PONTO INICIAL SEGUE PELA ""RUA AUGUSTO BENEVIDES"" ATE ""RODOVIA BR-116"" ATE A"
23;440;FORTALEZA;65;MESSEJANA;11;166;2;2;" ""RUA PEDRO DE SOUZA"" - ""RUA MARIA QUINTINO"" - "" RUA JOCENO MONTEIRO"" - ""RUA ONO"
23;440;FORTALEZA;65;MESSEJANA;11;166;2;3;"RIO MAIA"" - ""RUA JOSE MOREIRA GUARANI"" - ""RUA MARIA QUINTINO"" - ""RUA CORONEL ALI"
23;440;FORTALEZA;65;MESSEJANA;11;166;2;4;"PIO CUNHA"" - ""RUA SAO LEOPOLDO"" - ""RUA LEONEL JURANDIR DE ALENCAR"" - ""ESTRADA DO"
23;440;FORTALEZA;65;MESSEJANA;11;166;2;5;" ANCURI"" - ATE O PONTO INICIAL."
23;440;FORTALEZA;65;MESSEJANA;11;167;2;1;": DO PONTO INICIAL SEGUE PELA ""RODOVIA BR-116"" ATE ""RUA AUGUSTO BENEVIDES"" ATE A"
23;440;FORTALEZA;65;MESSEJANA;11;167;2;2;" ""ESTRADA DO ANCURI"" ATE O PONTO INICIAL"
23;440;FORTALEZA;65;MESSEJANA;11;168;2;1;": DO PONTO INICIAL SEGUE PELA ""RUA PADRE PEDRO ALENCAR"" ATE ""RODOVIA BR-116"" - """
23;440;FORTALEZA;65;MESSEJANA;11;168;2;2;"ESTRADA DO ANCURI"" ATE PONTO INICIAL"
23;440;FORTALEZA;65;MESSEJANA;11;169;2;1;": ""RUA PADRE PEDRO ALENCAR"" - ""PARQUE RESIDENCIAL DE MESSEJANA"""
23;440;FORTALEZA;65;MESSEJANA;11;170;2;1;": DO PONTO INICIAL SEGUE PELA ""RUA PEDRO DE SOUZA"" ATE ""RODOVIA BR-116"" - ""RUA C"
23;440;FORTALEZA;65;MESSEJANA;11;170;2;2;"ORONEL ALIPIO DA CUNHA"" - ""RUA MARIA QUINTINO"" ATE PONTO INICIAL"
23;440;FORTALEZA;65;MESSEJANA;11;171;2;1;": DO PONTO INICIAL SEGUE ATE A ""RUA MANDACARU"" DAI ATE A ""RUA DO JUA"" DAI ATE A"
23;440;FORTALEZA;65;MESSEJANA;11;171;2;2;"RUA JABORADI DAI ATE A""RUA CINCO"" DAI ATE A ""RUA DOMINGOS ALVES"" DAI ATE A ""RU"
23;440;FORTALEZA;65;MESSEJANA;11;171;2;3;"A LAURO DE ANDRADE"" DAI ATE A ""RUA RECANTO VERDE"" DAI ATE A ""RUA VAL PARAISO""DAI"
23;440;FORTALEZA;65;MESSEJANA;11;171;2;4;" ATE A ""RUA CAXAMBU"" ATE O PONTO INICIAL"
23;440;FORTALEZA;65;MESSEJANA;11;172;2;1;": DO PONTO INICIAL SEGUE ATE A ""RUA CAXAMBU"" DAI ATE A ""RUA VAL PARAISO"" DAI ATE"
23;440;FORTALEZA;65;MESSEJANA;11;172;2;2;" A ""RUA CANGURU"" OU ""RUA DOURADO"" ATE O PONTO INICIAL"
23;440;FORTALEZA;65;MESSEJANA;11;173;2;1;": DO PONTO INICIAL SEGUE ATE A ""RUA CANGURU"" OU ""RUA DOURADO"" DAI ATE A ""RUA VAL"
23;440;FORTALEZA;65;MESSEJANA;11;173;2;2;" PARAISO"" DAI ATE A ""RUA JOSE LINHARES"" OU ""RUA NILSON CANDEIA"" ATE O PONTO INIC"
23;440;FORTALEZA;65;MESSEJANA;11;173;2;3;IAL
23;440;FORTALEZA;65;MESSEJANA;11;174;2;1;": DO PONTO INICIAL SEGUE ATE A ""RUA JOSE LINHARES"" OU ""RUA NILSON CANDEIA"" DAI A"
23;440;FORTALEZA;65;MESSEJANA;11;174;2;2;"TEA A ""RUA VAL PARAISO"" DAI ATEA ""RUA IRACEMA"" ATE O PONTO INICIAL"
23;440;FORTALEZA;65;MESSEJANA;11;175;2;1;": DO PONTO INICIAL SEGUE PELO O ""CAMINHO DO RIO COCO"" DAI SEGUE PELO O ""RIO  COC"
23;440;FORTALEZA;65;MESSEJANA;11;175;2;2;"O"" ATE A ""AVENIDA PRESIDENTE COSTA E SILVA"" (PERIMENTRAL) DAI ATE A ""AV  CENTRAL"
23;440;FORTALEZA;65;MESSEJANA;11;175;2;3;" DAI ATE A RUA 101"" DAI ATE A ""RUA 111"" DAI ATE A ""ÁAV DO  CONTORNO NORTE"" DAI"
23;440;FORTALEZA;65;MESSEJANA;11;175;2;4;" ATE A ""AV DO CONTORNO OESTE"" DAI ATE A ""AV  CENTRAL"" DAI ATE A ""RUA JOSE LINHAR"
23;440;FORTALEZA;65;MESSEJANA;11;175;2;5;"ES"" DAI ATE A ""RUA IRACEMA"" ATE O  PONTO INICIAL"
23;440;FORTALEZA;65;MESSEJANA;11;175;2;6;NaN
23;440;FORTALEZA;65;MESSEJANA;11;176;2;1;": DO PONTO INICIAL SEGUE ATE A ""AV CONTORNO SUL"" DAI ATE A ""AV CONTORNO  LESTE"""
23;440;FORTALEZA;65;MESSEJANA;11;176;2;2;"DAI ATE A ""AV PAISAGISTICA"" DAI ATE A ""AV CENTRAL"" DAI ATE A ""AVENIDA  PRESIDENT"
23;440;FORTALEZA;65;MESSEJANA;11;176;2;3;"E COSTA E SILVA"" (PERIMENTRAL) DAI ATE A ""RUA 501"" DAI ATE A  ""RUA 503"" DAI ATE"
23;440;FORTALEZA;65;MESSEJANA;11;176;2;4;"A ""RUA 513"" DAI ATE A ""RUA 511"" DAI ATE A ""RUA 501"" DAI  ATE A ""AV COSTA E SILVA"
23;440;FORTALEZA;65;MESSEJANA;11;176;2;5;" DAI ATE A RUA FRANCISCO ALVES RIBEIRO"" DAI ATE A  ""RUA DOMINGOS ALVES RIBEIRO"
23;440;FORTALEZA;65;MESSEJANA;11;176;2;6;" DAI ATE A RUA DOMINGOS ALVES"" DAI ATE A ""RUA  SEM DENOMINACAO"" DAI ATE A ""RUA"
23;440;FORTALEZA;65;MESSEJANA;11;176;2;7;" MANDACARU"" DAI ATE A ""RUA MACAMBIRA"" DAI ATE  A ""RUA DO PEREIRO"" DAI ATE A ""RUA"
23;440;FORTALEZA;65;MESSEJANA;11;176;2;8;" GAROA"" DAI ATE A ""RUA JAMACARU"" DAI ATE A  ""RUA DO JUA"" DAI ATE A ""RUA JERXELIM"
23;440;FORTALEZA;65;MESSEJANA;11;176;2;9;" ATE O PONTO INICIAL
23;440;FORTALEZA;65;MESSEJANA;11;176;2;10;
23;440;FORTALEZA;65;MESSEJANA;11;176;3;1;: NADA A REGISTRAR
23;440;FORTALEZA;65;MESSEJANA;11;176;4;1;: NADA A REGISTRAR
23;440;FORTALEZA;65;MESSEJANA;11;177;1;1;: INCIDENCIA DA RUA JERXELIM"" COM A ""RUA DO JUA"""
23;440;FORTALEZA;65;MESSEJANA;11;177;2;1;": DO PONTO INICIAL SEGUE ATE A ""RUA JAMACARU"" DAI ATE A ""RUA GAROA"" DAI ATE A ""R"
23;440;FORTALEZA;65;MESSEJANA;11;177;2;2;"UA JABORADI"" DAI ATE A ""RUA DO JUA"" DAI ATE A ""RUA MANDACARU"" DAI ATE A ""RUA JUR"
23;440;FORTALEZA;65;MESSEJANA;11;177;2;3;"IPEBA"" DAI ATE A ""RUA JERXELIM"" ATE O PONTO INICIAL"
23;440;FORTALEZA;65;MESSEJANA;11;178;2;1;": DO PONTO INICIAL SEGUE ATE A ""RUA MANDACARU"" DAI ATE A ""RUA SEM DENOMINACAO"" D"
23;440;FORTALEZA;65;MESSEJANA;11;178;2;2;"AI ATE A ""RUA DOMINGOS ALVES"" DAI ATE A ""TRAVESSA PARAISONOPOLIS"" DAI ATE A ""RUA"
23;440;FORTALEZA;65;MESSEJANA;11;178;2;3;" RECANTO VERDE"" DAI ATE A ""RUA LAURO DE ANDRADE"" DAI ATE A ""RUA DOMINGOS ALVES"""
23;440;FORTALEZA;65;MESSEJANA;11;178;2;4;"DAI ATE A ""RUA CINCO"" DAI ATE A ""RUA JABORADI"" DAI ATE A ""RUA GAROA"" DAI ATE A """
23;440;FORTALEZA;65;MESSEJANA;11;178;2;5;"RUA DO PEREIRO"" ATE O PONTO INICIAL"
23;440;FORTALEZA;65;MESSEJANA;11;179;2;1;": DO PONTO INICIAL SEGUE PELA ""BR-116"" ATE A ""ESTRADA DO ANCURI"" - ""RUA SAO JOAO"
23;440;FORTALEZA;65;MESSEJANA;11;179;2;2;" DO JANGURUSSU"" - ""RUA LAURO DE ANDRADE"" - ""RUA LUCIANO ALVES"" - ""RUA LAURO DE A"
23;440;FORTALEZA;65;MESSEJANA;11;179;2;3;"NDRADE"" - ""RUA RECANTO VERDE"" - ""TRAVESSA PARAISONOPOLIS"" - ""RUA DOMINGOS ALVES"""
23;440;FORTALEZA;65;MESSEJANA;11;179;2;4;" - ""RUA DOMINGOS ALVES RIBEIRO"" - ""RUA FRANCISCO ALVES RIBEIRO"" - ""RUA PRESIDENT"
23;440;FORTALEZA;65;MESSEJANA;11;179;2;5;"E COSTA E SILVA"" ATE O PONTO INICIAL"
23;440;FORTALEZA;65;MESSEJANA;11;180;2;1;": DO PONTO INICIAL SEGUE PELA ""CERCA DE ARAME"" DEPOIS CONTINUA PELA ""CERCA DE AR"
23;440;FORTALEZA;65;MESSEJANA;11;180;2;2;"AME"" RUMO OESTE ATE A ""RUA LUCIANO ALVES"" DAI ATE O PONTO INICIAL"
23;440;FORTALEZA;65;MESSEJANA;11;181;2;1;": DO PONTO INICIAL SEGUE PELA A ""CERCA DE ARAME"" ATE A ""RUA IRACEMA"" DAI ATE A """
23;440;FORTALEZA;65;MESSEJANA;11;181;2;2;"RUA NUNES FEIJO"" DAI ATE A ""RUA RECANTO VERDE"" ATE O PONTO INICIAL"
23;440;FORTALEZA;65;MESSEJANA;11;182;2;1;": DO PONTO INICIAL SEGUE ATE A ""RUA IRACEMA"" DAI SEGUE PELA A ""CERCA DE ARAME"" A"
23;440;FORTALEZA;65;MESSEJANA;11;182;2;2;"TE A ""RUA SAO JOAO DO JANGURUSSU"" DAI ATE A ""ESTRADA DO ANCURI"" DAI ATE A ""RUA R"
23;440;FORTALEZA;65;MESSEJANA;11;182;2;3;"IO JORDAO"" DAI ATE A ""RUA JOVINO VERISSIMO"" ATE O PONTO INICIAL"
23;440;FORTALEZA;65;MESSEJANA;11;183;2;1;": DO PONTO INICIAL SEGUE ATE A ""RUA JOVINO VERISSIMO"" DAI ATE A ""RUA ITAGUASSU"""
23;440;FORTALEZA;65;MESSEJANA;11;183;2;2;"DAI ATE O ""BECO DA PALMEIRA"" DAI ATE A ""RUA VAL PARAISO"" DAI ATE A ""RUA RECANTO"
23;440;FORTALEZA;65;MESSEJANA;11;183;2;3;"VERDE"" ATE O PONTO INICIAL"
23;440;FORTALEZA;65;MESSEJANA;11;184;2;1;": DO PONTO INICIAL SEGUE ATE A ""RUA RIO JORDAO"" DAI ATE A ""ESTRADA DO ANCURI"" DA"
23;440;FORTALEZA;65;MESSEJANA;11;184;2;2;"I ATE O ""BECO DA PALMEIRA"" DAI ATE A ""RUA ITAGUACU"" ATE O PONTO INICIAL"
23;440;FORTALEZA;65;MESSEJANA;11;184;2;3;NaN
23;440;FORTALEZA;65;MESSEJANA;11;185;2;1;": DO PONTO INICIAL SEGUE PELA ""AV VAL PARAISO"" ATE A ""RUA CATOLE"" POR ESTA  ATE"
23;440;FORTALEZA;65;MESSEJANA;11;185;2;2;"A ""RUA 44"" POR ESTA ATE A ""CERCA DO SR. BOLIVAR"" POR ESTA ATE A  ""AV VAL PARAISO"
23;440;FORTALEZA;65;MESSEJANA;11;185;2;3;" DAI ATE A ESTRADA DO ANCURI""  SEGUE PELA ""ESTRADA DO  ANCURI"" ATE O ""QUARTO A"
23;440;FORTALEZA;65;MESSEJANA;11;185;2;4;"NEL VIARIO"" DAI ATE O PONTO DE  CRUZAMENTO DO ""QUARTO  ANEL VIARIO"" COM ""LIMITE"
23;440;FORTALEZA;65;MESSEJANA;11;185;2;5;"INTERMUNICIPAL  FORTALEZA-PACATUBA"" DAI EM LINHA  RETA ATE ""RIO COCO"" DAI ATE A"
23;440;FORTALEZA;65;MESSEJANA;11;185;2;6;" CONFLUENCIA  COM O ""RIACHO TIMBO""(LIMITE  INTERMUNICIPAL COM PACATUBA-MARACANAU"
23;440;FORTALEZA;65;MESSEJANA;11;185;2;7;"-FORTALEZA).  DESTE PONTO SEGUE PELO RIO  COCO ATE O ""CAMINHO PARA O RIO COCO"" A"
23;440;FORTALEZA;65;MESSEJANA;11;185;2;8;"TE A LINHA  RETA QUE SAI EM FRENTE  A""TRAVESSA SAO RAIMUNDO"" DAI ATE A ""TRAVESSA"
23;440;FORTALEZA;65;MESSEJANA;11;185;2;9;" SAO  RAIMUNDO"" - ""RUA MAISA"" -  ""AVENIDA CAXAMBU"" - ""RUA SAO RAIMUNDO"" - ""RUA C"
23;440;FORTALEZA;65;MESSEJANA;11;185;2;10;"ODO""  ATE O PONTO  INICIAL"
23;440;FORTALEZA;65;MESSEJANA;11;186;2;1;": DO PONTO INICIAL SEGUE PELA ""ESTRADA DO ANCURI"" ATE A +ENTRADA DA VACARIA DA C"
23;440;FORTALEZA;65;MESSEJANA;11;186;2;2;ILA+ (EXCLUSIVE) LIMITE INTERMUNICIPAL FORTALEZA-PACATUBA. DESTE PONTO EM LINHA
23;440;FORTALEZA;65;MESSEJANA;11;186;2;3;"RETA ATE O ""QUARTO ANEL VIARIO"" LIMITE INTERMUNICIPAL FORTALEZA-PACATUBA"" - ""QUA"
23;440;FORTALEZA;65;MESSEJANA;11;186;2;4;"RTO ANEL VIARIO"" ATE O PONTO INICIAL"
23;440;FORTALEZA;65;MESSEJANA;11;187;2;1;": DO PONTO INICIAL SEGUE ATE A ""RUA IRACEMA"" DAI ATE A ""RUA CANTAREIRA"" DAI ATE"
23;440;FORTALEZA;65;MESSEJANA;11;187;2;2;"A ""RUA JOSE LINHARES"" 04 ""RUA NILSON CANDEIA"" DAI ATE A ""RUA MAISA"" DAI ATE A ""T"
23;440;FORTALEZA;65;MESSEJANA;11;187;2;3;"RAVESSA SAO RAIMUNDO"" DAI SEGUE EM UMA +RETA+ ATE O ""CAMINHO DO RIO COCO"" DAI AT"
23;440;FORTALEZA;65;MESSEJANA;11;187;2;4;"E O ""RIO COCO"" VAI PELO ""RIO COCO"" ATE UM CAMINHO QUE VAI ATE ""AVENIDA CENTRAL"""
23;440;FORTALEZA;65;MESSEJANA;11;187;2;5;"NA ALTURA DA ""RUA MAISA"" PELA ""AVENIDA CENTRAL"" ATE O PONTO INICIAL"
23;440;FORTALEZA;65;MESSEJANA;11;187;2;6;NaN
23;440;FORTALEZA;65;MESSEJANA;11;188;2;1;": DO PONTO INICIAL SEGUE PELA ""RUA SILVINHA TELES"" ATE A ""RUA TERNURA"" - ""AVENID"
23;440;FORTALEZA;65;MESSEJANA;11;188;2;2;"A CENTRAL"" POR ESTA ATE A ALTURA DA ""RUA MAISA"" PEGA-SE O ""CAMINHO QUE VAI ATE O"
23;440;FORTALEZA;65;MESSEJANA;11;188;2;3;" RIO COCO"" POR ESTE RIO ATE UM ""CAMINHO QUE VAI ATE A ""AVENIDA CENTRAL"" NA ALTUR"
23;440;FORTALEZA;65;MESSEJANA;11;188;2;4;"A DA ""RUA VAL PARAISO"" INDO POR ESTA ATE PONTO INICIAL"
23;440;FORTALEZA;65;MESSEJANA;11;189;2;1;": DO PONTO INICIAL SEGUE PELA ""RUA VAL PARAISO"" - ""RUA IRACEMA"" - ""RUA TERNURA"""
23;440;FORTALEZA;65;MESSEJANA;11;189;2;2;#VALOR!
23;440;FORTALEZA;65;MESSEJANA;11;190;2;1;": DO PONTO INICIAL SEGUE ATE A ""RUA DO COQUEIRO"" DAI ATE A ""RUA DALVA DE OLIVEI"
23;440;FORTALEZA;65;MESSEJANA;11;190;2;2;"RA"" DAI ATE A ""RUA CANGURU"" OU ""RUA DOURADO"" DAI ATE A ""RUA SERRA AZUL"" DAI ATE"
23;440;FORTALEZA;65;MESSEJANA;11;190;2;3;" A ""RUA IRACEMA"" ATE O PONTO INICIAL"
23;440;FORTALEZA;65;MESSEJANA;11;191;2;1;": DO PONTO INICIAL SEGUE ATE A ""RUA CODO"" DAI ATE A ""RUA DALVA DE OLIVEIRA"" DAI"
23;440;FORTALEZA;65;MESSEJANA;11;191;2;2;"ATE A ""RUA DO COQUEIRO"" ATE O PONTO INICIAL"
23;440;FORTALEZA;65;MESSEJANA;11;192;2;1;": DO PONTO INICIAL SEGUE ATE A ""RUA CODO"" DAI ATE A ""RUA ANGELA DINIZ"" DAI ATE A"
23;440;FORTALEZA;65;MESSEJANA;11;192;2;2;" ""RUA DO COQUEIRO"" ATE O PONTO INICIAL"
23;440;FORTALEZA;65;MESSEJANA;11;193;2;1;": DO PONTO INICIAL SEGUE ATE A ""RUA ANGELA DINIZ"" DAI ATE A ""RUA CODO"" DAI ATE A"
23;440;FORTALEZA;65;MESSEJANA;11;193;2;2;" ""RUA SAO RAIMUNDO"" DAI ATE A ""RUA CAXAMBU""  DAI ATE A ""RUA MAISA"" ATE O PONTO I"
23;440;FORTALEZA;65;MESSEJANA;11;193;2;3;NICIAL
23;440;FORTALEZA;65;MESSEJANA;11;194;2;1;": DO PONTO INICIAL SEGUE ATE A ""RUA DO COQUEIRO"" DAI ATE A ""RUA ANGELA DINIZ"" DA"
23;440;FORTALEZA;65;MESSEJANA;11;194;2;2;"I ATE A ""TRAVESSA ISMAEL SILVA"" DAI ATE A ""RUA MAISA"" DAI ATE A ""RUA CANGURU"" AT"
23;440;FORTALEZA;65;MESSEJANA;11;194;2;3;E O PONTO INICIAL
23;440;FORTALEZA;65;MESSEJANA;11;195;2;1;": DO PONTO INICIAL SEGUE ATE A ""RUA CANGURU"" OU ""RUA DOURADO"" DAI ATE A ""RUA MAI"
23;440;FORTALEZA;65;MESSEJANA;11;195;2;2;"SA"" DAI ATE A ""RUA JOSE LINHARES"" OU ""RUA NILSON CANDEIA"" DAI ATE A ""RUA CANTARE"
23;440;FORTALEZA;65;MESSEJANA;11;195;2;3;"IRA"" - ""RUA IRACEMA"" ATE O PONTO INICIAL"
23;440;FORTALEZA;65;MESSEJANA;11;196;2;1;": DO PONTO INICIAL SEGUE ATE A ""RUA CANGURU"" OU ""RUA DOURADO"" DAI ATE A ""RUA OSC"
23;440;FORTALEZA;65;MESSEJANA;11;196;2;2;"ARITO"" DAI ATE A ""RUA IRACEMA"" ATE O PONTO INICIAL"
23;440;FORTALEZA;65;MESSEJANA;11;197;2;1;": DO PONTO INICIAL SEGUE ATE A ""RUA CANGURU"" OU ""RUA DOURADO"" DAI ATE A ""RUA EVA"
23;440;FORTALEZA;65;MESSEJANA;11;197;2;2;"LDO BRAGA"" DAI ATE A ""RUA IRACEMA"" ATE O PONTO INICIAL"
23;440;FORTALEZA;65;MESSEJANA;11;198;2;1;": DO PONTO INICIAL SEGUE PELA ""RUA MANOEL CASTELO"" ""RUA F"" ""RUA B"" ""RUA H""  ""RUA"
23;440;FORTALEZA;65;MESSEJANA;11;198;2;2;" D"" ""RUA G"" ""RUA JOSE HIPOLITO"" ""RUA JOSE CAVALCANTE SOBRINHO"" ""RUA BARAO  DE AQ"
23;440;FORTALEZA;65;MESSEJANA;11;198;2;3;"UIRAZ"" ""RUA ERNESTO MATOS"" DAI ATE O PONTO INICIAL"
23;440;FORTALEZA;65;MESSEJANA;11;199;2;1;": DO PONTO INICIAL SEGUE PELA ""RUA MANOEL CASTELO"" ATE A ""CERCA DE ARAME"" NA  CO"
23;440;FORTALEZA;65;MESSEJANA;11;199;2;2;"NFRONTACAO DA ""RUA JOAO PEREIRA"" SEGUE PELA CERCA ATE A ""RUA JOSE HIPOLITO""  ""RU"
23;440;FORTALEZA;65;MESSEJANA;11;199;2;3;"A G"" ""RUA D"" ""RUA H"" ""RUA B"" ""RUA F"" DAI ATE O PONTO INICIAL"
23;440;FORTALEZA;65;MESSEJANA;11;200;2;1;": ""RESIDENCIAL FERNANDES DE NORONHA"""
23;440;FORTALEZA;65;MESSEJANA;11;201;2;1;": DO PONTO INICIAL SEGUE PELA ""AV CENTRAL"" ATE A ""AV DO CONTORNO NORTE"" ""RUA  11"
23;440;FORTALEZA;65;MESSEJANA;11;201;2;2;"1"" ""RUA 101"" E DAI ATE O PONTO INICIAL"
23;440;FORTALEZA;65;MESSEJANA;11;202;2;1;": DO PONTO INICIAL SEGUE PELA ""AV CENTRAL"" ""RUA 208"" ""RUA 212"" ""AV DO  CONTORNO"
23;440;FORTALEZA;65;MESSEJANA;11;202;2;2;"NORTE"" DAI ATE O PONTO INICIAL"
23;440;FORTALEZA;65;MESSEJANA;11;203;2;1;": DO PONTO INICIAL SEGUE PELA ""AV CENTRAL"" ""AV A"" ""RUA 216"" ""RUA BULEVAR I""  ""RA"
23;440;FORTALEZA;65;MESSEJANA;11;203;2;2;"U 212"" ""RUA 208"" DAI ATE O PONTO INICIAL"
23;440;FORTALEZA;65;MESSEJANA;11;204;2;1;": DO PONTO INICIAL SEGUE PELA ""AV CENTRAL"" ""RUA 307""RUA 315"" ""RUA BOLIVAR II""  """
23;440;FORTALEZA;65;MESSEJANA;11;204;2;2;"RUA 325"" ""AV A"" DAI ATE O PONTO INICIAL"
23;440;FORTALEZA;65;MESSEJANA;11;205;2;1;": DO PONTO INICIAL SEGUE PELA ""AV CENTRAL"" ATE A ""AV DO CONTORNO OESTE"" ""RUA  32"
23;440;FORTALEZA;65;MESSEJANA;11;205;2;2;"1"" ""RUA 325"" ""RUA BOLIVAR II"" ""RUA 315"" ""RUA 307"" DAI ATE O PONTO INICIAL"
23;440;FORTALEZA;65;MESSEJANA;11;206;2;1;": DO PONTO INICIAL SEGUE PELA ""AV CONTORNO OESTE"" ""RUA BOLIVAR I"" ""RUA 216""  ""RU"
23;440;FORTALEZA;65;MESSEJANA;11;206;2;2;"A 325"" ""RUA 321"" DAI ATE O PONTO INICIAL"
23;440;FORTALEZA;65;MESSEJANA;11;207;2;1;": DO PONTO INICIAL SEGUE PELA ""RUA 212"" ""RUA BOLIVAR I"" ""AV DO CONTORNO  OESTE"""
23;440;FORTALEZA;65;MESSEJANA;11;207;2;2;AV DO CONTORNO NORTE DAI ATE O PONTO INICIAL
23;440;FORTALEZA;65;MESSEJANA;11;208;2;1;": DO PONTO INICIAL SEGUE PELA ""AV PAISAGISTICA""""RUA 408"" ""RUA 404"" ""RUA  BOLIVAR"
23;440;FORTALEZA;65;MESSEJANA;11;208;2;2;" III"" ""RUA BOLIVAR I"" ""AV CENTRAL"" E DAI ATE O PONTO INICIAL"
23;440;FORTALEZA;65;MESSEJANA;11;209;2;1;": DO PONTO INICIAL SEGUE PELA ""AV PAISAGISTICA"" ""RUA 418"" ""AV DO CONTORNO  SUL"""
23;440;FORTALEZA;65;MESSEJANA;11;209;2;2;"RUA BOLIVAR III ""RUA 404"" ""RUA 408"" E DAI ATE O PONTO INICIAL"
23;440;FORTALEZA;65;MESSEJANA;11;210;2;1;": DO PONTO INICIAL SEGUE PELA ""AV PAISAGISTICA"" ""AV CONTORNO LESTE"" ""AV  CONTORN"
23;440;FORTALEZA;65;MESSEJANA;11;210;2;2;"O SUL"" ""RUA 418"" E DAI ATE O PONTO INICIAL"
23;440;FORTALEZA;65;MESSEJANA;11;211;2;1;": DO PONTO INICIAL SEGUE PELA ""AV A"" ""AV CONTORNO SUL"" ""AV CENTRAL"" E DAI ATE  O"
23;440;FORTALEZA;65;MESSEJANA;11;211;2;2; PONTO INICIAL
23;440;FORTALEZA;65;MESSEJANA;11;212;2;1;": DO PONTO INICIAL SEGUE PELA ""RUA BOLIVAR I"" ""RUA BOLIVAR III"" ""AV DO  CONTORNO"
23;440;FORTALEZA;65;MESSEJANA;11;212;2;2;" SUL"" ""AV A"" ""AV CENTRAL"" E DAI ATE O PONTO INICIAL"
23;440;FORTALEZA;65;MESSEJANA;11;213;2;1;": DO PONTO INICIAL SEGUE PELA ""RUA 501"" ""RUA 511"" ""RUA 513"" ""RUA 503"" E DAI  ATE"
23;440;FORTALEZA;65;MESSEJANA;11;213;2;2; O PONTO INICIAL
23;440;FORTALEZA;65;MESSEJANA;11;214;2;1;": DO PONTO INICIAL SEGUE PELA ""AV CURIO"" ""RUA 5"" ""RUA 2"" ""RUA NELSON COELHO""  E"
23;440;FORTALEZA;65;MESSEJANA;11;214;2;2;DAI ATE O PONTO INICIAL
23;440;FORTALEZA;65;MESSEJANA;11;215;2;1;": DO PONTO INICIAL SEGUE PELA ""RUA NELSON COELHO"" ""RUA 2"" ""RUA 5"" ""RUA LUIZA  GU"
23;440;FORTALEZA;65;MESSEJANA;11;215;2;2;"IMARAES"" E DAI ATE O PONTO INICIAL"
23;440;FORTALEZA;65;MESSEJANA;11;216;2;1;": DO PONTO INICIAL SEGUE PELA ""AV B"" ATE A ""RUA 44"" POR ESTA ATE A ""RUA  CATOLE"""
23;440;FORTALEZA;65;MESSEJANA;11;216;2;2;" POR ESTA ATE A ""AV A OU VAL PARAISO"" PONTO INIUCIAL"
23;440;FORTALEZA;65;MESSEJANA;11;217;2;1;": DO PONTO INICIAL SEGUE PELA ""AV A OU VAL PARAISO"" ATE A ""RUA VERDE SETE""  CONT"
23;440;FORTALEZA;65;MESSEJANA;11;217;2;2;"INUANDO PELA ""RUA 29"" ATE A ""RUA 44"" POR ESTA ATE A INCIDENCIA DA ""AV B""  E POR"
23;440;FORTALEZA;65;MESSEJANA;11;217;2;3;"ESTA ATE A ""AV A OU VAL PARAISO"" PONTO INICIAL"
23;440;FORTALEZA;65;MESSEJANA;11;218;2;1;"DO PONTO INICIAL SEGUE PELA ""AV A  OU VAL PARAISO"" ATE A ""RUA 12"" POR ESTA  AT"
23;440;FORTALEZA;65;MESSEJANA;11;218;2;2;"E A ""RUA 25"" POR ESTA ATE A ""RUA 44"" POR ESTA ATE A ""RUA 29"" CONTINUA PELA  ""RUA"
23;440;FORTALEZA;65;MESSEJANA;11;218;2;3;" VERDE 7"" ATE A INCIDENCIA DA ""AV A OU VAL PARAISO"" PONTO INICIAL"
23;440;FORTALEZA;65;MESSEJANA;11;219;2;1;": DO PONTO INICIAL SEGUE PELA ""AV A OU VAL PARAISO"" ATE A ""AV C"" POR ESTA ATE  A"
23;440;FORTALEZA;65;MESSEJANA;11;219;2;2;" ""RUA 35"" POR ESTA ATE A ""RUA 14"" POR ESTA ATE A ""RUA 39"" POR ESTA ATE A ""AV  C"""
23;440;FORTALEZA;65;MESSEJANA;11;219;2;3;" POR ESTA ATE A ""RUA 42"" POR ESTA ATE A ""RUA 22"" POR ESTA ATE A ""RUA 44""  POR ES"
23;440;FORTALEZA;65;MESSEJANA;11;219;2;4;"TA ATE A ""RUA 25"" CONTINUA PELA ""RUA 12"" ATE SUA INCIDENCIA COM A ""AV A  OU VAL"
23;440;FORTALEZA;65;MESSEJANA;11;219;2;5;"PARAISO"" PONTO INICIAL"
23;440;FORTALEZA;65;MESSEJANA;11;220;2;1;": DO PONTO INICIAL SEGUE PELA ""AV A OU VAL PARAISO"" ATE A ""CERCA DE  PROPRIEDADE"
23;440;FORTALEZA;65;MESSEJANA;11;220;2;2;" DO SR. BOLIVAR"" SEGUE POR ESTA ATE A ""RUA 44"" POR ESTA ATE A ""RUA  22"" POR ESTA"
23;440;FORTALEZA;65;MESSEJANA;11;220;2;3;" ATE A ""RUA 42"" POR ESTA ATE A ""AV C"" POR ESTA ATE A ""RUA 39"" POR  ESTA ATE A ""R"
23;440;FORTALEZA;65;MESSEJANA;11;220;2;4;"UA 14"" POR ESTA ATE A ""RUA 35"" POR ESTA ATE A ""AV C"" POR ESTA  ATE A INCIDENCIA"
23;440;FORTALEZA;65;MESSEJANA;11;220;2;5;"DA ""AV A OU VAL PARAISO"" PONTO INICIAL"
23;440;FORTALEZA;65;MESSEJANA;11;221;2;1;": DO PONTO INICIAL SEGUE PELA ""AV CURIO"" ""TRAVESSA CURIO"" ""RUA SEM  DENOMINACAO"""
23;440;FORTALEZA;65;MESSEJANA;11;221;2;2;" ""RUA EDUARDO GUIMARAES"" E DAI ATE O PONTO INICIAL"
23;440;FORTALEZA;65;MESSEJANA;11;222;2;1;": DO PONTO INICIAL SEGUE PELA ""AV COSTA E SILVA"" ""RUA 23"" ""RUA 5"" ""RUA  AUGUSTO"
23;440;FORTALEZA;65;MESSEJANA;11;222;2;2;"CALHEIROS"" E POR ESTA ATE O PONTO INICIAL"
