V1;V2;V3;V4;V5;V6;V7;V8;V9;V11
23;440;FORTALEZA;65;MESSEJANA;9;50;2;3;": DO PONTO INICIAL SEGUE PELA ""AVENIDA JOSE LEON"" - ""RUA VICENTE LOPES"" - ""AVENIDA OLIVEIRA PAIVA"" - ""RUA CHICO LEMOS"" - ""RUA HENRIQUE JUSTA"" - ""RUA CICERO"" - ""DA OLIVEIRA PAIVA"" - ""RUA CHICO LEMOS"" - ""RUA HENRIQUE JUSTA"" - ""RUA CICERO"" - ""RUA ESCRIVAO AZEVEDO"" - ""RUA JOAO MACIEL"" ATE O PONTO INICIAL"
23;440;FORTALEZA;65;MESSEJANA;9;51;2;4;": DO PONTO INICIAL SEGUE ATE A ""RUA GENERAL CASTELO BRANCO"" DAI ATE A ""RUA FERNANDES BENEVIDES"" DAI ATE A ""RUA MANOEL MONTEIRO"" (RUA NOVA JERUZALEM) DAI ATE A ""NDES BENEVIDES"" DAI ATE A ""RUA MANOEL MONTEIRO"" (RUA NOVA JERUZALEM) DAI ATE A ""AVENIDA JOSE LEON"" DAI ATE A ""RUA VICENTE LOPES"" ATE O PONTO INICIALAVENIDA JOSE LEON"" DAI ATE A ""RUA VICENTE LOPES"" ATE O PONTO INICIALNaN"
23;440;FORTALEZA;65;MESSEJANA;9;52;2;4;": DO PONTO INICIAL SEGUE ATE A ""RUA MANOEL MONTEIRO"" (RUA NOVA JERUZALEM) DAI ATE A ""RUA FERNANDES BENEVIDES"" DAI ATE A ""RUA GENERAL CASTELO BRANCO DAI ATE A ""AE A ""RUA FERNANDES BENEVIDES"" DAI ATE A ""RUA GENERAL CASTELO BRANCO DAI ATE A ""AVENIDA OLIVEIRA PAIVA"" DAI ATE A ""RUA VICENTE LOPES"" ATE O PONTO INICIALVENIDA OLIVEIRA PAIVA"" DAI ATE A ""RUA VICENTE LOPES"" ATE O PONTO INICIALNaN"
23;440;FORTALEZA;65;MESSEJANA;9;53;2;3;": DO PONTO INICIAL SEGUE ATE A ""RUA DOUTOR JOSE FURTADO"" DAI ATE A ""AVENIDA VIENA WEINE"" OU (JOAQUIM FROTA) DAI ATE A ""AVENIDA DEPUTADO JOAQUIM DE FIGUEREDO CORA WEINE"" OU (JOAQUIM FROTA) DAI ATE A ""AVENIDA DEPUTADO JOAQUIM DE FIGUEREDO CORREIA"" OU ""RUA MONSENHOR ANTERO"" ATE O PONTO INICIAL"
23;440;FORTALEZA;65;MESSEJANA;9;54;2;3;": DO PONTO INICIAL SEGUE ATE A ""AVENIDA DEPUTADO JOAQUIM FIGUEREDO CORREIA"" (RUA MONSENHOR ANTERO) DAI EM UMA +RETA+ ATE A ""RUA CHICO LEMOS"" ATE O PONTO INICIAL MONSENHOR ANTERO) DAI EM UMA +RETA+ ATE A ""RUA CHICO LEMOS"" ATE O PONTO INICIALNaN"
23;440;FORTALEZA;65;MESSEJANA;9;55;2;4;": DO PONTO INICIAL SEGUE ATE A ""RUA CHICO LEMOS"" DAI SEGUE EM UMA +RETA+ ATE A ""AVENIDA DEPUTADO JOAQUIM FIGUEREDO CORREIA"" (RUA MONSENHOR ANTERO) - :ESTRADA DOAVENIDA DEPUTADO JOAQUIM FIGUEREDO CORREIA"" (RUA MONSENHOR ANTERO) - :ESTRADA DO SITIO CANABEBAI"" - ""AVENIDA DESEMBARGADOR GONZAGA"" ATE PONTO INICIAL SITIO CANABEBAI"" - ""AVENIDA DESEMBARGADOR GONZAGA"" ATE PONTO INICIALNaN"
23;440;FORTALEZA;65;MESSEJANA;9;56;2;2;": DO PONTO INICIAL SEGUE ATE A ""AVENIDA DESEMBARGADOR GONZAGA"" DAI ATE A ""RUA ENFERMEIRO JOAQUIM PINTO"" DAI ATE A ""BR 116"" ATE O PONTO INICIAL"
23;440;FORTALEZA;65;MESSEJANA;9;57;2;3;": DO PONTO INICIAL SEGUE PELA ""RUA ESCRIVAO AZEVEDO"" - ""RUA CICERO"" - ""RUA HENRIQUE JUSTA"" - ""RUA CHICO LEMOS"" - ""AVENIDA OLIVEIRA PAIVA"" - ""BR-116"" ATE O PONTOQUE JUSTA"" - ""RUA CHICO LEMOS"" - ""AVENIDA OLIVEIRA PAIVA"" - ""BR-116"" ATE O PONTO INICIAL"
23;440;FORTALEZA;65;MESSEJANA;9;58;2;4;": DO PONTO INICIAL SEGUE PELA ""RUA TENENTE NICOLAU"" - ""RUA TEODOFREDO GOIANO"" -RUA MONSENHOR HIPOLITO OU RUA DA AMIZADE - ""RUA DESEMBARGADOR GONZAGA"" - ""RUARUA MONSENHOR HIPOLITO OU RUA DA AMIZADE - ""RUA DESEMBARGADOR GONZAGA"" - ""RUAMARGARIDA QUEIROZ"" - ""RUA MELO CESAR"" - ""RUA ESCRIVAO AZEVEDO"" - ""BR-116"" ATE OMARGARIDA QUEIROZ"" - ""RUA MELO CESAR"" - ""RUA ESCRIVAO AZEVEDO"" - ""BR-116"" ATE OPONTO INICIAL"
23;440;FORTALEZA;65;MESSEJANA;9;59;2;3;": DO PONTO INICIAL SEGUE PELA ""AVENIDA JOSE LEON"" - ""RUA JOAO MACIEL"" - ""RUA ESCRIVAO AZEVEDO"" - ""RUA MELO CESAR"" - ""RUA MARGARIDA QUEIROZ"" - ""RUA DESEMBARGADORRIVAO AZEVEDO"" - ""RUA MELO CESAR"" - ""RUA MARGARIDA QUEIROZ"" - ""RUA DESEMBARGADOR GONZAGA"" ATE O PONTO INICIAL"
23;440;FORTALEZA;65;MESSEJANA;9;60;2;4;": DO PONTO INICIAL SEGUE PELA ""AVENIDA JOSE LEON"" ATE ""RUA FREI CANECA"" ATE ""AVENIDA DESEMBARGADOR GONZAGA"" - ""RUA MONSENHOR HIPOLITO"" OU ""RUA DA AMIZADE"" - ""RUNIDA DESEMBARGADOR GONZAGA"" - ""RUA MONSENHOR HIPOLITO"" OU ""RUA DA AMIZADE"" - ""RUA TEODOFREDO GOIANO"" - ""RUA TENENTE NICOLAU"" - ""RUA TEOFREDO GOIANA"" - ""RUA CAMPA TEODOFREDO GOIANO"" - ""RUA TENENTE NICOLAU"" - ""RUA TEOFREDO GOIANA"" - ""RUA CAMPOS GERAIS"" - ""RUA MELO CESAR"" ATE PONTO INICIAL"
23;440;FORTALEZA;65;MESSEJANA;9;61;2;3;": DO PONTO INICIAL SEGUE PELA ""AVENIDA JOSE LEON"" - ""RUA MELO CESAR"" - ""RUA CAMPOS GERMS"" - ""RUA TEODOFREDO GOIANA"" - ""RUA TENENTE NICOLAU"" - ""BR-116"" ATE O PONOS GERMS"" - ""RUA TEODOFREDO GOIANA"" - ""RUA TENENTE NICOLAU"" - ""BR-116"" ATE O PONTO INICIAL"
23;440;FORTALEZA;65;MESSEJANA;9;62;2;4;": DO PONTO INICIAL SEGUE PELA ""RUA PADRE FRANCISCO PITA"" - ""RUA DESEMBARGADOR FAUSTINO ALBUQUERQUE"" - ""AVENIDA JOSE LEON"" - ""RUA FREI CANECA"" - ""AVENIDA JOSE LEUSTINO ALBUQUERQUE"" - ""AVENIDA JOSE LEON"" - ""RUA FREI CANECA"" - ""AVENIDA JOSE LEON"" - ""RODOVIA BR-116"" - ""AV PLACIDO CASTELO"" - ""RUA RADIAL LESTE"" OU ""AVENIDA UON"" - ""RODOVIA BR-116"" - ""AV PLACIDO CASTELO"" - ""RUA RADIAL LESTE"" OU ""AVENIDA UM"" ATE PONTO INICIAL"
23;440;FORTALEZA;65;MESSEJANA;9;63;2;5;": DO PONTO INICIAL SEGUE PELA ""RUA TANGARA"" PASSANDO PELAS +SALINAS SAO GERALDO+ INCLUSIVE ""RUA FRANCISCO CHAGAS MENDES"" - ""ANTONIO ROCHA BARROS"" - ""RUA AMADOR INCLUSIVE ""RUA FRANCISCO CHAGAS MENDES"" - ""ANTONIO ROCHA BARROS"" - ""RUA AMADORBUENO"" - ""RUA ARNALDO OSORIO"" - ""RUA PADRE FRANCISCO PITA"" - ""RUA RADIAL LESTE""BUENO"" - ""RUA ARNALDO OSORIO"" - ""RUA PADRE FRANCISCO PITA"" - ""RUA RADIAL LESTE""OU ""AVENIDA UM"" - ""AVENIDA PLACIDO CASTELO"" - ""RODOVIA BR-116"" - ""RIO COCO"" ATEOU ""AVENIDA UM"" - ""AVENIDA PLACIDO CASTELO"" - ""RODOVIA BR-116"" - ""RIO COCO"" ATEPONTO INICIAL"
23;440;FORTALEZA;65;MESSEJANA;9;64;2;3;": DO PONTO INICIAL SEGUE PELA ""RUA ANTONIO ROCHA BARROS"" ATE ""RUA STENIO GOMES""- ""RUA PADRE FRANCISCO PITA"" - ""RUA ARNALDO OSORIO"" - ""RUA AMADOR BUENO"" ATE PON- ""RUA PADRE FRANCISCO PITA"" - ""RUA ARNALDO OSORIO"" - ""RUA AMADOR BUENO"" ATE PONTO INICIAL"
23;440;FORTALEZA;65;MESSEJANA;9;65;2;3;": DO PONTO INICIAL SEGUE PELA ""RUA ANTONIO ROCHA BARROS"" ATE ""RUA ATAULFO ALVES"" - ""AVENIDA JOSE LEON"" - ""RUA DESEMBARGADOR FAUSTINO ALBUQUERQUE"" - ""RUA PADRE F - ""AVENIDA JOSE LEON"" - ""RUA DESEMBARGADOR FAUSTINO ALBUQUERQUE"" - ""RUA PADRE FRANCISCO PITA"" - ""RUA STENIO GOMES"" ATE PONTO INICIAL"
23;440;FORTALEZA;65;MESSEJANA;9;66;2;3;": DO PONTO INICIAL SEGUE PELA ""RUA ANTONIO ROCHA BARROS"" ATE ""RUA CARLOS JEREISSSATI"" -""RUA CLEITOM HELAIDE PIMENTA"" - ""RUA MONSENHOR VITAL GURGEL"" - ""AVENIDA JSATI"" -""RUA CLEITOM HELAIDE PIMENTA"" - ""RUA MONSENHOR VITAL GURGEL"" - ""AVENIDA JOSE LEON"" - ""RUA ATAULFO ALVES"" ATE PONTO INICIAL"
23;440;FORTALEZA;65;MESSEJANA;9;67;2;5;": DO PONTO INICIAL SEGUE PELA ""RUA ANTONIO ROCHA BARROS"" ATE ""RUA PADRE FRANCISCO PITA"" - ""RUA VICENTE LOPES"" - ""RUA VEREADOR PEDRO LUCIANO PEREIRA"" - ""RUA SEMO PITA"" - ""RUA VICENTE LOPES"" - ""RUA VEREADOR PEDRO LUCIANO PEREIRA"" - ""RUA SEMDENOMINACAO"" - ""RUA VICENTE LOPES"" - ""AVENIDA JOSE LEON"" - ""RUA MONSENHOR VITALDENOMINACAO"" - ""RUA VICENTE LOPES"" - ""AVENIDA JOSE LEON"" - ""RUA MONSENHOR VITALGURGEL"" - ""RUA CLEITON HELAIDE PIMENTA"" - ""RUA CARLOS JEREISSATI"" ATE PONTO INICGURGEL"" - ""RUA CLEITON HELAIDE PIMENTA"" - ""RUA CARLOS JEREISSATI"" ATE PONTO INICIAL"
23;440;FORTALEZA;65;MESSEJANA;9;68;2;2;": DO PONTO INICIAL SEGUE ATE A ""RUA EFESIOS"" DAI ATE A ""RUA FILADELFIA"" DAI ATEA ""RUA NATANAEL CORTES"" ATE O PONTO INICIAL"
23;440;FORTALEZA;65;MESSEJANA;9;69;2;3;": DO PONTO INICIAL SEGUE ATE A ""AVENIDA WASHINGTON SOARES"" DAI ATE A ""RUA LUIZAMIRANDA COELHO"" DAI ATE A ""RUA EFESIOS"" DAI ATE A ""RUA GERALDO MAGALHAES"" DAI ATMIRANDA COELHO"" DAI ATE A ""RUA EFESIOS"" DAI ATE A ""RUA GERALDO MAGALHAES"" DAI ATE A ""RUA CORONEL MIGUEL DIAS"" ATE O PONTO INICIAL"
23;440;FORTALEZA;65;MESSEJANA;9;70;2;4;": DO PONTO INICIAL SEGUE ATE A ""RUA EFESIOS"" DAI ATE A ""RUA LUIZA MIRANDA COELHO DAI ATE A AVENIDA WASHINGTON SOARES"" DAI ATE A ""RUA VERIADOR PEDRO PAULO"" OU DAI ATE A AVENIDA WASHINGTON SOARES"" DAI ATE A ""RUA VERIADOR PEDRO PAULO"" OULUCIANO PEREIRA DAI ATE A ""RUA VICENTE LOPES"" DAI ATE A ""RUA FRANCISCO PITA"" DLUCIANO PEREIRA DAI ATE A ""RUA VICENTE LOPES"" DAI ATE A ""RUA FRANCISCO PITA"" DAI ATE A ""RUA ANTONIO ROCHA BARROS"" DAI ATE A ""RUA PIDORAMA"" ATE O PONTO INICIAL"
23;440;FORTALEZA;65;MESSEJANA;9;71;2;6;": DO PONTO INICIAL SEGUE ATE A ""RUA IVO REBOUCAS"" DAI ATE A ""RUA DORALICE COSTA"" DAI ATE A ""RUA T"" DAI ATE A ""AVENIDA WE 1"" DAI ATE A ""RUA PINDORAMA"" DAI ATE A DAI ATE A ""RUA T"" DAI ATE A ""AVENIDA WE 1"" DAI ATE A ""RUA PINDORAMA"" DAI ATE ARUA ANTONIO ROCHA BARROS DAI ATE A ""RUA FRANCISCO CHAGAS MENDES"" DAI ATE A ""RURUA ANTONIO ROCHA BARROS DAI ATE A ""RUA FRANCISCO CHAGAS MENDES"" DAI ATE A ""RUA JULIA SALES"" DAI ATE A ""ESTRADA SANTA LUZIA"" DAI ATE A ""RUA ESMERRINDA MENDES""A JULIA SALES"" DAI ATE A ""ESTRADA SANTA LUZIA"" DAI ATE A ""RUA ESMERRINDA MENDES"" DAI ATE A ""RUA PINORAMA"" DAI ATE A ""AVENIDA ROGACIANO LEITE"" ATE O PONTO INICIA DAI ATE A ""RUA PINORAMA"" DAI ATE A ""AVENIDA ROGACIANO LEITE"" ATE O PONTO INICIAL"
23;440;FORTALEZA;65;MESSEJANA;9;72;2;2;": DO PONTO INICIAL ATE A ""RUA T"" DAI ATE A ""RUA DORALICE COSTA"" DAI ATE A ""RUA JAIME LEONEL"" ATE O PONTO INICIAL"
23;440;FORTALEZA;65;MESSEJANA;9;73;2;5;": DO PONTO INICIAL SEGUE ATE A ""RUA CORONEL MIGUEL DIAS"" DAI ATE A ""RUA GERALDOMAGALHAES"" DAI ATE A ""RUA EFESIOS"" DAI ATE A ""RUA MARIANA FURTADO LEITE"" DAI ATEMAGALHAES"" DAI ATE A ""RUA EFESIOS"" DAI ATE A ""RUA MARIANA FURTADO LEITE"" DAI ATE A ""RUA NATANAEL CORTEZ"" DAI ATE A ""RUA FILADELFIA"" DAI ATE A ""RUA PINDORAMA"" DA A ""RUA NATANAEL CORTEZ"" DAI ATE A ""RUA FILADELFIA"" DAI ATE A ""RUA PINDORAMA"" DAI ATE A ""AVENIDA WE 1"" DAI ATE A ""RUA T"" DAI ATE A ""RUA DOUTOR THOMPSON BULCAO""I ATE A ""AVENIDA WE 1"" DAI ATE A ""RUA T"" DAI ATE A ""RUA DOUTOR THOMPSON BULCAO""DAI ATE A ""AVENIDA ROGACIANO LEITE"" ATE O PONTO INICIAL"
23;440;FORTALEZA;65;MESSEJANA;9;74;2;3;": DO PONTO INICIAL SEGUE PELA ""RUA JOSIAS MENDES"" ATE ""RUA DORALICE COSTA"" - ""RUA IVO REBOUCAS"" - ""RUA DOUTOR AFONSO DE SOUSA"" - ""AVENIDA ROGACIANO LEITE"" ATE PA IVO REBOUCAS"" - ""RUA DOUTOR AFONSO DE SOUSA"" - ""AVENIDA ROGACIANO LEITE"" ATE PONTO INICIAL"
23;440;FORTALEZA;65;MESSEJANA;9;75;2;6;": DO PONTO INICIAL SEGUE PELA ""AVENIDA MURILO BORGES"" ATE A ""RUA DR. THOMPSON BULCAO"" - ATE A""RUA JAIME LEONEL"" - ""RUA JOSIAS MENDES"" - ""AVENIDA ROGACIANO LEITELCAO"" - ATE A""RUA JAIME LEONEL"" - ""RUA JOSIAS MENDES"" - ""AVENIDA ROGACIANO LEITE - RUA PINDORAMA"" - ""ESMERINDA MENDES"" - ""ESTRADA SANTA LUZIA"" - ""RUA JULIA SA - RUA PINDORAMA"" - ""ESMERINDA MENDES"" - ""ESTRADA SANTA LUZIA"" - ""RUA JULIA SALES"" OU ""RUA AUGUSTO MACIEL"" - ""RUA SAO FRANCISCO"" - ""RUA TANGARA"" ATE ""RIO COCOLES"" OU ""RUA AUGUSTO MACIEL"" - ""RUA SAO FRANCISCO"" - ""RUA TANGARA"" ATE ""RIO COCO PASSANDO PELAS +SALINAS SAO GERALDO+ EXCLUSIVE PELO RIO COCO"" ATE PONTO INICI PASSANDO PELAS +SALINAS SAO GERALDO+ EXCLUSIVE PELO RIO COCO"" ATE PONTO INICIAL"
23;440;FORTALEZA;65;MESSEJANA;9;76;2;3;": DO PONTO INICIAL SEGUE PELA ""AVENIDA WASHINGTON SOARES"" ATE ""RUA ALBERT SABIN""- ATE A ""RUA SAMMYA KARLA"" ATE A - ""AVENIDA ROGACIANO LEITE"" - ""AVENIDA CORONEL- ATE A ""RUA SAMMYA KARLA"" ATE A - ""AVENIDA ROGACIANO LEITE"" - ""AVENIDA CORONELMURILO BORGES"" ATE ""RIO COCO"" ATE PONTO INICIAL"
23;440;FORTALEZA;65;MESSEJANA;9;77;2;3;": DO PONTO INICIAL SEGUE ATE A ""RUA CORONEL MIGUEL DIAS"" DAI ATE A ""RUA WALTER BEZERRA DE SA"" DAI ATE A ""AVENIDA ROGACIANO LEITE"" DAI ATE A ""RUA SAMMYA KARIA"" DEZERRA DE SA"" DAI ATE A ""AVENIDA ROGACIANO LEITE"" DAI ATE A ""RUA SAMMYA KARIA"" DAI ATE A ""RUA ALBERT SABIN"" ATE O PONTO INICIAL"
23;440;FORTALEZA;65;MESSEJANA;9;78;2;2;": DO PONTO INICIAL SEGUE ATE A ""RUA WALTER BEZERRA DE SA"" DAI ATE A ""RUA CORONEL MIGUEL DIAS"" ATE O PONTO INICIAL"
23;440;FORTALEZA;65;MESSEJANA;9;79;2;4;": DO PONTO INICIAL SEGUE PELO ""RIACHO AGUA FRIA"" ATE CONFRONTACAO COM ""AVENIDA 4 INDO POR ESTA ATE AVENIDA B"" - ""AVENIDA A"" ATE CONFRONTACAO COM A ""RUA 13"" DA INDO POR ESTA ATE AVENIDA B"" - ""AVENIDA A"" ATE CONFRONTACAO COM A ""RUA 13"" DAI EM RETA ATE A MARGEM DO ""RIACHO AGUA FRIA"" POR ESTE ATE PONTO INICIALI EM RETA ATE A MARGEM DO ""RIACHO AGUA FRIA"" POR ESTE ATE PONTO INICIALNaN"
23;440;FORTALEZA;65;MESSEJANA;9;80;2;5;": DO PONTO INICIAL SEGUE PELA ""RUA E"" ATE ""AVENIDA C"" DESCE PELA MARGEM DIREITADO ""RIACHO AGUA FRIA"" INDO POR ESTE ATE CONFRONTACAO DA ""RUA X"" INDO ATE ESTA ATDO ""RIACHO AGUA FRIA"" INDO POR ESTE ATE CONFRONTACAO DA ""RUA X"" INDO ATE ESTA ATE ""RUA F"" INDO ATE SEU FINAL CONTORNA OS BLOCOS DE APARTAMENTO ATE ""RUA G"" POR EE ""RUA F"" INDO ATE SEU FINAL CONTORNA OS BLOCOS DE APARTAMENTO ATE ""RUA G"" POR ESTA ATE ""RUA A"" - ""TRAVESSA CANTANEIDE"" - ""TRAVESSA FRAMBOESA"" - ""RUA UBAITABA""STA ATE ""RUA A"" - ""TRAVESSA CANTANEIDE"" - ""TRAVESSA FRAMBOESA"" - ""RUA UBAITABA""- ""RUA C"" ATE PONTO INICIAL"
23;440;FORTALEZA;65;MESSEJANA;9;81;2;4;": DO PONTO INICIAL SEGUE PELA ""RUA UBAITABA"" ATE ""AVENIDA PRESIDENTE ARTUR BERNARDES"" - ""RUA X"" ATE SEU FINAL DESTE PONTO EM RETA ATE ""RIACHO AGUA FRIA"" SEGUINDRDES"" - ""RUA X"" ATE SEU FINAL DESTE PONTO EM RETA ATE ""RIACHO AGUA FRIA"" SEGUINDO SUAS AGUAS ATE ""AVENIDA WASHINGTON SOARES"" POR ESTA ATE ""RUA DO CORREGO"" ATE PO SUAS AGUAS ATE ""AVENIDA WASHINGTON SOARES"" POR ESTA ATE ""RUA DO CORREGO"" ATE PONTO INICIAL"
23;440;FORTALEZA;65;MESSEJANA;9;82;2;4;": DO PONTO INICIAL SEGUE PELA ""RUA UBAITABA"" ATE ""TRAVESSA FRAMBOESA"" - ""TRAVESSA CANTANEIDE"" ATE ""RUA A"" - ""RUA G"" ATE SEU FINAL CONTORNA OS BLOCOS DE APARTAMEA CANTANEIDE"" ATE ""RUA A"" - ""RUA G"" ATE SEU FINAL CONTORNA OS BLOCOS DE APARTAMENTOS INDO ATE ""RUA F"" ATE A ""RUA X"" - ""AV PRESIDENTE ARTUR BERNARDES"" ATE PONTONTOS INDO ATE ""RUA F"" ATE A ""RUA X"" - ""AV PRESIDENTE ARTUR BERNARDES"" ATE PONTOINICIAL"
23;440;FORTALEZA;65;MESSEJANA;9;83;2;4;": DO PONTO INICIAL SEGUE PELA ""ESTRADA PARA O DENDE"" DAI SEGUE PELO ""MURO DA UNIFOR "" - ""RUA DO JUA"" - ""RUA CORVINA"" - ""VIA DO CONTORNO"" - RUA DO COMERCIO"" - ""RFOR "" - ""RUA DO JUA"" - ""RUA CORVINA"" - ""VIA DO CONTORNO"" - RUA DO COMERCIO"" - ""RUA OTAVIO ROCHA"" - ""RUA UBAITABA"" - ""RUA DO CORREGO"" - ""AVENIDA WASHINGTON SOAREUA OTAVIO ROCHA"" - ""RUA UBAITABA"" - ""RUA DO CORREGO"" - ""AVENIDA WASHINGTON SOARES"" ATE O PONTO INICIAL"
23;440;FORTALEZA;65;MESSEJANA;9;84;2;2;": DO PONTO INICIAL SEGUE ""RUA ROBERTO SILVA"" - ""RUA DO COMERCIO"" - ATE A ""RUA C"" - ""RUA UBAITABA"" - ""RUA OTAVIO ROCHA"" ATE PONTO INICIAL"
23;440;FORTALEZA;65;MESSEJANA;9;85;2;2;": DO PONTO INICIAL SEGUE PELA ""RUA DO COMERCIO"" - ""RUA C"" - ""RUA ROBERTO SILVA""- ""RUA OTAVIO ROCHA"" ATE PONTO INICIAL"
23;440;FORTALEZA;65;MESSEJANA;9;86;2;3;": DO PONTO INICIAL SEGUE PELA ""RUA DO GELO"" - ""RUA DO COMERCIO"" - ""VIA DO CONTORNO"" - ""RUA CORVINA"" - ""RUA DO JUA"" - ""MURO DA UNIFOR"" - ""ESTRADA PARA O DENDE"" ANO"" - ""RUA CORVINA"" - ""RUA DO JUA"" - ""MURO DA UNIFOR"" - ""ESTRADA PARA O DENDE"" ATE O PONTO INICIAL"
23;440;FORTALEZA;65;MESSEJANA;9;87;2;5;": DO PONTO INICIAL SEGUE PELA ""AVENIDA DEPUTADO JOSE MARTINS RODRIGUES"" ATE ""RIO COCO"" VAI POR ESTE ATE UMA ""ESTRADA"" QUE LIGA ""RIO COCO"" COM ""RUA DO GELO"" DAI COCO"" VAI POR ESTE ATE UMA ""ESTRADA"" QUE LIGA ""RIO COCO"" COM ""RUA DO GELO"" DAIVAI PELA ""ESTRADA PARA O DENDE"" CRUZANDO O ""CAMPUS DA UNIFOR"" INDO ATE ""AVENIDAVAI PELA ""ESTRADA PARA O DENDE"" CRUZANDO O ""CAMPUS DA UNIFOR"" INDO ATE ""AVENIDAWASHINGTON SOARES"" ENTRE UNIFOR E CENTRO CONVENCOES ATE PONTO INICIALWASHINGTON SOARES"" ENTRE UNIFOR E CENTRO CONVENCOES ATE PONTO INICIALNaN"
23;440;FORTALEZA;65;MESSEJANA;9;88;2;3;": DO PONTO INICIAL SEGUE PELO ""RIO COCO"" ATE CONFRONTACAO COM ""AVENIDA DEPUTADOMARTINS RODRIGUES"" INDO POR ESTA ATE ""AVENIDA WASHINGTON SOARES"" ATE ""AVENIDA ENMARTINS RODRIGUES"" INDO POR ESTA ATE ""AVENIDA WASHINGTON SOARES"" ATE ""AVENIDA ENGENHEIRO SANTANA JUNIOR"" ATE PONTO INICIAL"
23;440;FORTALEZA;65;MESSEJANA;9;89;2;3;": DO PONTO INICIAL SEGUE PELO ""RIO COCO"" ATE ESTRADA QUE LIGA ""RIO COCO"" A ""RUADOUTOR MONTEIRO"" - ""RUA ROSA CORDEIRO"" - ""RUA E"" - ATE ""RUA DO GELO"" - ""ESTRADADOUTOR MONTEIRO"" - ""RUA ROSA CORDEIRO"" - ""RUA E"" - ATE ""RUA DO GELO"" - ""ESTRADAQUE LIGA RUA DO GELO AO RIO COCO"" POR ESTA ATE PONTO INICIAL"
23;440;FORTALEZA;65;MESSEJANA;9;90;2;3;": DO PONTO INICIAL SEGUE PELO ""RIO COCO"" ATE O ""RIACHO MIRIU"" POR ESTE ATE ""RIACHO AGUA FRIA"" POR ESTE ATE ""AVENIDA C"" POR ESTA ATE ""AVENIDA ROSA CORDEIRO"" ATEHO AGUA FRIA"" POR ESTE ATE ""AVENIDA C"" POR ESTA ATE ""AVENIDA ROSA CORDEIRO"" ATERUA DOUTOR MONTEIRO ATE PONTO INICIAL"
23;440;FORTALEZA;65;MESSEJANA;9;91;2;5;": DO PONTO INICIAL SEGUE PELO ""RIO COCO"" ATE SUA BARRA NO ""OCEANO ATLANTICO"" INDO POR SUA MARGEM ATE ENCONTRAR ""ESTRADA DA SABIAGUABA"" POR ESTA ATE ""RIACHO SEMO POR SUA MARGEM ATE ENCONTRAR ""ESTRADA DA SABIAGUABA"" POR ESTA ATE ""RIACHO SEMDENOMINACAO"" QUE VEM DE UMA LAGOA FORMADA PELAS AGUAS DO ""RIO COCO"" SEGUE POR ESDENOMINACAO"" QUE VEM DE UMA LAGOA FORMADA PELAS AGUAS DO ""RIO COCO"" SEGUE POR ESTE RIACHO CONTORNANDO AS AGUAS DA LAGOA(INCLUSIVE) ATE ""RIACHO MIRIU"" ATE PONTOTE RIACHO CONTORNANDO AS AGUAS DA LAGOA(INCLUSIVE) ATE ""RIACHO MIRIU"" ATE PONTOINICIAL"
23;440;FORTALEZA;65;MESSEJANA;9;92;2;5;": DO PONTO INICIAL SEGUE PELO ""RIACHO MIRIU"" POR ESTE ATE UMA ""RIACHO SEMDENOMINACAO"" DESCENDO POR ESTE CONTORNANDO AS AGUAS DA LAGOA ATE ""ESTRADA SABIAGUABA"" PACAO"" DESCENDO POR ESTE CONTORNANDO AS AGUAS DA LAGOA ATE ""ESTRADA SABIAGUABA"" POR ESTA ATE ""RUA ANTONIO NOGUEIRA"" OU ""FRANCISCO MATIAS"" SEGUE PELA ""RUA ANTONIOOR ESTA ATE ""RUA ANTONIO NOGUEIRA"" OU ""FRANCISCO MATIAS"" SEGUE PELA ""RUA ANTONIO NOGUEIRA"" DEPOIS POR UM CAMINHO QUE LIGA A ""RUA DOIS"" ATE ""RLO MIRIU"" POR ESTE NOGUEIRA"" DEPOIS POR UM CAMINHO QUE LIGA A ""RUA DOIS"" ATE ""RLO MIRIU"" POR ESTEATE ""PONTO INICIAL"
23;440;FORTALEZA;65;MESSEJANA;9;93;2;4;": DO PONTO INICIAL SEGUE PELA ""AVENIDA QUATRO"" ATE ""RIACHO AGUA FRIA"" INDO ATE ""RIO MIRIU"" ATE UM CAMINHO QUE LIGA ""RIO MIRIU"" COM ""AVENIDA DOIS"" - ""AVENIDA DOIRIO MIRIU"" ATE UM CAMINHO QUE LIGA ""RIO MIRIU"" COM ""AVENIDA DOIS"" - ""AVENIDA DOIS"" - ""RUA DOUTOR CORREIA LIMA"" - ""AVENIDA EDILSON BRASIL SOARES"" - ""RUA FRANCISCS"" - ""RUA DOUTOR CORREIA LIMA"" - ""AVENIDA EDILSON BRASIL SOARES"" - ""RUA FRANCISCO CORDEIRO"" ATE PONTO INICIAL"
23;440;FORTALEZA;65;MESSEJANA;9;94;2;3;": DO PONTO INICIAL SEGUE PELA ""AVENIDA EDILSON BRASIL SOARES"" ATE ""AVENIDA DOUTOR CORREIA LIMA"" - ""RUA CORONEL OLEGARIO MEMORIA"" INDO ATE ""TRAVESSA UNIAO"" ATE PR CORREIA LIMA"" - ""RUA CORONEL OLEGARIO MEMORIA"" INDO ATE ""TRAVESSA UNIAO"" ATE PONTO INICIAL"
23;440;FORTALEZA;65;MESSEJANA;9;95;2;3;": DO PONTO INICIAL SEGUE PELA ""AVENIDA EDILSON BRASIL SOARES"" - ""TRAVESSA UNIAO"" - ""RUA CORONEL OLEGARIO MEMORIA"" - ""RUA EVILAZIO ALMEIDA MIRANDA"" ATE PONTO INI - ""RUA CORONEL OLEGARIO MEMORIA"" - ""RUA EVILAZIO ALMEIDA MIRANDA"" ATE PONTO INICIAL"
23;440;FORTALEZA;65;MESSEJANA;9;96;2;4;": DO PONTO INICIAL SEGUE PELA ""AVENIDA A"" SEGUINDO EM LINHA RETA PELA ""AVENIDA B AINDA EM RETA PELA AVENIDA QUATRO"" ATE A ""RUA FRANCISCO CORDEIRO"" POR ESTA AT AINDA EM RETA PELA AVENIDA QUATRO"" ATE A ""RUA FRANCISCO CORDEIRO"" POR ESTA ATE ""AVENIDA EDILSON BRASIL SOARES"" - ""RUA MARIA IVONE"" - ""RUA ONZE"" - ""AVENIDA B""E ""AVENIDA EDILSON BRASIL SOARES"" - ""RUA MARIA IVONE"" - ""RUA ONZE"" - ""AVENIDA B"" - ""RUA TREZE"" ATE PONTO INICIAL"
23;440;FORTALEZA;65;MESSEJANA;9;97;2;3;": DO PONTO INICIAL SEGUE PELA ""AVENIDA BRASIL SOARES"" ATE ""RUA EVILAZIO ALMEIDAMIRANDA"" POR ESTA ATE ""RUA CORONEL OLEGARIO MEMORIA"" INDO ATE ""RUA SANDRA GENTILMIRANDA"" POR ESTA ATE ""RUA CORONEL OLEGARIO MEMORIA"" INDO ATE ""RUA SANDRA GENTIL ATE PONTO INICIAL
23;440;FORTALEZA;65;MESSEJANA;9;97;3;1;: NADA A REGISTRAR
23;440;FORTALEZA;65;MESSEJANA;9;97;4;1;: NADA A REGISTRAR
23;440;FORTALEZA;65;MESSEJANA;9;98;1;1;: AVENIDA PRESIDENTE ARTUR BERNARDES"" COM ""AVENIDA EDILSON BRASIL SOARES"""
23;440;FORTALEZA;65;MESSEJANA;9;98;2;4;": DO PONTO INICIAL SEGUE PELA ""AVENIDA EDILSON BRASIL SOARES"" ATE ""RUA SANDRA GENTIL"" - ""RUA CORONEL OLEGARIO MEMORIA"" - ""RUA DOUTOR ERNESTO MONTEIRO"" - ""RUA JONTIL"" - ""RUA CORONEL OLEGARIO MEMORIA"" - ""RUA DOUTOR ERNESTO MONTEIRO"" - ""RUA JOSE PESTANA"" - ""AVENIDA PRESIDENTE ARTUR BERNARDES"" ATE PONTO INICIALSE PESTANA"" - ""AVENIDA PRESIDENTE ARTUR BERNARDES"" ATE PONTO INICIALNaN"
23;440;FORTALEZA;65;MESSEJANA;9;99;2;4;": DO PONTO INICIAL SEGUE PELA ""RUA CORONEL OLEGARIO MEMORIA"" ATE A ""RUA RAFAEL TOBIAS"" DAI ATE A A""VENIDA SAPIRANGA"" POR ESTA ATE A ""RUA CORONEL OLEGARIO MEMORIOBIAS"" DAI ATE A A""VENIDA SAPIRANGA"" POR ESTA ATE A ""RUA CORONEL OLEGARIO MEMORIA"" - ""RUA MARIA IVONE"" - ""RUA MARCELINO LOPES"" - ""RUA RAIMUNDO TIBURCIO"" ATE PONA"" - ""RUA MARIA IVONE"" - ""RUA MARCELINO LOPES"" - ""RUA RAIMUNDO TIBURCIO"" ATE PONTO INICIAL"
23;440;FORTALEZA;65;MESSEJANA;9;100;2;3;": DO PONTO INICIAL SEGUE PELA ""AVENIDA SAPIRANGA"" ATE A ""RUA RAFAEL TOBIAS"" PORESTA ATE A ""RUA CORONEL OLEGARIO MEMORIA"" DAI ATE A ""RUA RAIMUNDO TIBURCIO"" PORESTA ATE A ""RUA CORONEL OLEGARIO MEMORIA"" DAI ATE A ""RUA RAIMUNDO TIBURCIO"" PORESTA ATE O PONTO INICIAL"
23;440;FORTALEZA;65;MESSEJANA;9;101;2;4;": DO PONTO INICIAL SEGUE PELA ""AVENIDA SAPIRANGA"" POR ESTA ATE A RUA ""RAIMUNDO TIBURCIO"" DAI ATE A ""RUA MARCELINO LOPES"" - ""RUA CRISANTO MOREIRA DA ROCHA"" - INDIBURCIO"" DAI ATE A ""RUA MARCELINO LOPES"" - ""RUA CRISANTO MOREIRA DA ROCHA"" - INDO ATE A ""RUA CORONEL OLEGARIO MEMORIA"" POR ESTA ATE A ""RUA ENGENHEIRO LEAL LIMAO ATE A ""RUA CORONEL OLEGARIO MEMORIA"" POR ESTA ATE A ""RUA ENGENHEIRO LEAL LIMAVERDE"" DEPOIS INDO ATE A ""RUA CRISANTO MOREIRA DA ROCHA"" ATE O PONTO INICIAL"
23;440;FORTALEZA;65;MESSEJANA;9;102;2;8;": DO PONTO INICIAL SEGUE PELO ""RIACHO AGUA FRIA"" ATE CONFRONTAR-SE COM A ""RUA TREZE"" - ""AVENIDA B"" - POR ESTA ATE A ""RUA ONZE"" INDO ATE A ""RUA MARIA IVONE"" POREZE"" - ""AVENIDA B"" - POR ESTA ATE A ""RUA ONZE"" INDO ATE A ""RUA MARIA IVONE"" PORESTA ATE A ""AVENIDA EDILSON BRASIL SOARES"" DEPOIS PELA ""PRESIDENTE ARTUR BERNARDESTA ATE A ""AVENIDA EDILSON BRASIL SOARES"" DEPOIS PELA ""PRESIDENTE ARTUR BERNARDES"" DEPOIS PELA ""RUA JOSE PESTANA"" INDO ATE A ""RUA ERNESTO MONTEIRO"" POR ESTA ATES"" DEPOIS PELA ""RUA JOSE PESTANA"" INDO ATE A ""RUA ERNESTO MONTEIRO"" POR ESTA ATE A ""RUA CORONEL OLEGARIO MEMORIA"" DEPOIS PELA ""AVENIDA SAPIRANGA"" ATE A ""AVENIDE A ""RUA CORONEL OLEGARIO MEMORIA"" DEPOIS PELA ""AVENIDA SAPIRANGA"" ATE A ""AVENIDA EDILSON BRASIL SOARES"" DEPOIS PELA ""RUA CRISANTO MOREIRA DA ROCHA"" ATE A ""RUAA EDILSON BRASIL SOARES"" DEPOIS PELA ""RUA CRISANTO MOREIRA DA ROCHA"" ATE A ""RUAENGENHEIRO LEAL LIMA VERDE"" ATE A ""RUA PROFESSOR SOLON FARIAS"" ATE A ""AVENIDA WAENGENHEIRO LEAL LIMA VERDE"" ATE A ""RUA PROFESSOR SOLON FARIAS"" ATE A ""AVENIDA WASHINGTON SOARES"" ATE O PONTO INICIAL"
23;440;FORTALEZA;65;MESSEJANA;9;103;2;3;": DO PONTO INICIAL SEGUE PELA ""RUA SOLON FARIAS"" ATE A ""ENGENHEIRO LEAL LIMA VERDE"" - ""RUA CORONEL OLEGARIO MEMORIA"" - ""AVENIDA WASHINGTON SOARES"" ATE O PONTO IDE"" - ""RUA CORONEL OLEGARIO MEMORIA"" - ""AVENIDA WASHINGTON SOARES"" ATE O PONTO INICIAL"
23;440;FORTALEZA;65;MESSEJANA;9;104;2;2;": DO PONTO INICIAL ATE A ""RUA CRISANTO MOREIRA DA ROCHA"" POR ESTA ATE A ""AVENIDA WASHINGTON SOARES"" ATE O PONTO INICIAL"
23;440;FORTALEZA;65;MESSEJANA;9;105;2;5;": DO PONTO INCIAL SEGUE PELA ""AVENIDA JOSE LEON"" ATE ""RUA HERMINIO DE CASTRO"" -RUA MARIO LANZA - ""RUA JOAO REGINO"" - ""RUA CORONEL OLEGARIO MEMORIA"" - ""RUA LIRUA MARIO LANZA - ""RUA JOAO REGINO"" - ""RUA CORONEL OLEGARIO MEMORIA"" - ""RUA LIDIA BRIGIDO"" - ""RUA LOURIVAL CORREIA PINHO"" ATE ""CAMINHO QUE LIGA AS RUAS LOURIVDIA BRIGIDO"" - ""RUA LOURIVAL CORREIA PINHO"" ATE ""CAMINHO QUE LIGA AS RUAS LOURIVAL CORREIA LIMA COM JULIO LIMA"" - ""RUA JULIO LIMA"" - ""RUA GENERAL CASTELO BRANCOAL CORREIA LIMA COM JULIO LIMA"" - ""RUA JULIO LIMA"" - ""RUA GENERAL CASTELO BRANCO ATE PONTO INICIAL
23;440;FORTALEZA;65;MESSEJANA;9;105;3;1;: NADA A REGISTRAR
23;440;FORTALEZA;65;MESSEJANA;9;105;4;1;: NADA A REGISTRAR
23;440;FORTALEZA;65;MESSEJANA;9;106;1;1;: RUA GENERAL CASTELO BRANCO"" COM A ""RUA VEREADOR PEDRO LUCIANO PEREIRA"""
23;440;FORTALEZA;65;MESSEJANA;9;106;2;3;": DO PONTO INICIAL SEGUE PELA ""RUA VEREADOR PEDRO LUCIANO PEREIRA"" ATE ""RUA JOAO REGINO"" - ""RUA MARIO LANZA"" - ""RUA HERMINIO DE CASTRO"" - ""AVENIDA JOSE LEON"" - REGINO"" - ""RUA MARIO LANZA"" - ""RUA HERMINIO DE CASTRO"" - ""AVENIDA JOSE LEON"" -RUA GENERAL CASTELO BRANCO ATE PONTO INICIAL"
23;440;FORTALEZA;65;MESSEJANA;9;107;2;3;": DO PONTO INICIAL SEGUE PELA ""RUA VEREADOR PEDRO LUCIANO PEREIRA"" ATE ""AVENIDAWASHINGTON SOARES"" - ""AVENIDA OLIVEIRA PAIVA"" - ""RUA JOAO REGINO"" ATE PONTO INICWASHINGTON SOARES"" - ""AVENIDA OLIVEIRA PAIVA"" - ""RUA JOAO REGINO"" ATE PONTO INICIAL"
23;440;FORTALEZA;65;MESSEJANA;9;108;2;4;": DO PONTO INICIAL SEGUE ""RUA JULIO LIMA"" ATE ""CAMINHO QUE LIGA AS RUAS JULIO LIMA COM LOURIVAL CORREIA PINHO""  - ""RUA LOURIVAL CORREIA LIMA"" - ""RUA LIDIA BRIGIMA COM LOURIVAL CORREIA PINHO""  - ""RUA LOURIVAL CORREIA LIMA"" - ""RUA LIDIA BRIGIDO"" - ""RUA CORONEL OLEGARIO MEMORIA"" - ""RUA JOAO REGINO"" - ""AVENIDA OLIVEIRA PAIDO"" - ""RUA CORONEL OLEGARIO MEMORIA"" - ""RUA JOAO REGINO"" - ""AVENIDA OLIVEIRA PAIVA"" - ""RUA GENERAL CASTELO BRANCO"" ATE PONTO INICIAL"
23;440;FORTALEZA;65;MESSEJANA;9;109;2;7;": DO PONTO INICIAL SEGUE PELA ""AVENIDA WASHINGTON SOARES"" - ""RUA FRANCISCO  PARACAMPOS"" - ""RUA LUIS GIRAO"" - ""AVENIDA CANDIDO PORTINARI"" -  ""AVENIDA VIENA WEYNECAMPOS"" - ""RUA LUIS GIRAO"" - ""AVENIDA CANDIDO PORTINARI"" -  ""AVENIDA VIENA WEYNE - RUA PLINIO SALGADO"" - ""RUA CORONEL BENTO LEITE"" -   ""AVENIDA PEDRO LAZAR"" - - RUA PLINIO SALGADO"" - ""RUA CORONEL BENTO LEITE"" -   ""AVENIDA PEDRO LAZAR"" - ""AVENIDA ENGENHEIRO JOSE GUIMARAES"" - AVENIDA JOAQUIM  DE FIGUEIREDO - ""RUA CEL ""AVENIDA ENGENHEIRO JOSE GUIMARAES"" - AVENIDA JOAQUIM  DE FIGUEIREDO - ""RUA CEL BENTO LEITE"" - ""AVENIDA JOAQUIM DE FIGUEIREDO"" OU  ""RUA MONSENHOR ANTERO"" - ""AV BENTO LEITE"" - ""AVENIDA JOAQUIM DE FIGUEIREDO"" OU  ""RUA MONSENHOR ANTERO"" - ""AVENIDA VIENA WEYNE"" OU ""JOAQUIM FROTA"" - ""RUA  DOUTOR JOSE FURTADO"" - ""AVENIDA OLENIDA VIENA WEYNE"" OU ""JOAQUIM FROTA"" - ""RUA  DOUTOR JOSE FURTADO"" - ""AVENIDA OLIVEIRA PAIVA"" ATE O PONTO INICIAL"
23;440;FORTALEZA;65;MESSEJANA;9;110;2;6;": DO PONTO INICIAL SEGUE PELA ""AVENIDA WASHINGTON SOARES"" - ""TRAVESSA CRISANTO MOREIRA DA ROCHA"" - ""RUA WASHINTON LUIS"" OU ""RUA CRISANTO MOREIRA DA ROCHA"" - ""AVOREIRA DA ROCHA"" - ""RUA WASHINTON LUIS"" OU ""RUA CRISANTO MOREIRA DA ROCHA"" - ""AVENIDA MINISTRO JOSE AMERICO"" - ""AVENIDA PEDRO LAZAR"" - ""RUA CORONEL BENTO LEITE""ENIDA MINISTRO JOSE AMERICO"" - ""AVENIDA PEDRO LAZAR"" - ""RUA CORONEL BENTO LEITE"" - ""RUA PLINIO SALGADO"" - ""AVENIDA VIENA WEYNE"" - ""AVENIDA CANDIDO PORTINARI"" - - ""RUA PLINIO SALGADO"" - ""AVENIDA VIENA WEYNE"" - ""AVENIDA CANDIDO PORTINARI"" -RUA LUIS GIRAO - ""TRAVESSA VISCONDE SABUGOSA"" ATE O PONTO INICIALRUA LUIS GIRAO - ""TRAVESSA VISCONDE SABUGOSA"" ATE O PONTO INICIALNaN"
23;440;FORTALEZA;65;MESSEJANA;9;111;2;5;": DO PONTO INICIAL SEGUE PELA ""AVENIDA WASHINTON SOARES"" - ""AVENIDA GUILHERME WLASSEN"" - ""RUA PEDRO DE ALCANTARA"" - ""RUA TOMAS IDELFONSO"" - ""RUA HOMEM DE MELO""ASSEN"" - ""RUA PEDRO DE ALCANTARA"" - ""RUA TOMAS IDELFONSO"" - ""RUA HOMEM DE MELO""- ""RUA SILVEIRA MOTA"" - ""RUA FAUSTO AGUIAR"" - ""AVENIDA MINISTRO JOSE AMERICO"" IN- ""RUA SILVEIRA MOTA"" - ""RUA FAUSTO AGUIAR"" - ""AVENIDA MINISTRO JOSE AMERICO"" INDO ATE A ""RUA WASHINGTON LUIS"" - ""RUA CRISANTO MOREIRA DA ROCHA"" - ""TRAVESSA CRIDO ATE A ""RUA WASHINGTON LUIS"" - ""RUA CRISANTO MOREIRA DA ROCHA"" - ""TRAVESSA CRISANTO MOREIRA DA ROCHA"" ATE O PONTO INICIAL"
23;440;FORTALEZA;65;MESSEJANA;9;112;2;3;": DO PONTO INICIAL SEGUE PELA ""RUA CRISANTO MOREIRA DA ROCHA"" - ""RUA MARCELINO LOPES"" - ""RUA ENGENHEIRO LEAL LIMA VERDE"" - ""RUA DOUTOR JOAQUIM FROTA"" - ""AVENIDAOPES"" - ""RUA ENGENHEIRO LEAL LIMA VERDE"" - ""RUA DOUTOR JOAQUIM FROTA"" - ""AVENIDA WASHINGTON SOARES"" ATE O PONTO INICIAL"
23;440;FORTALEZA;65;MESSEJANA;9;113;2;3;": DO PONTO INICIAL SEGUE PELA ""RUA MARCELINO LOPES"" - ""RUA PRESIDENTE ARTUR BERNARDES"" - ""RUA CONS GOMES DE FREITAS"" - ""RUA DR ERNESTO MONTEIRO"" - ""RUA DOUTOR JARDES"" - ""RUA CONS GOMES DE FREITAS"" - ""RUA DR ERNESTO MONTEIRO"" - ""RUA DOUTOR JOAQUIM FROTA"" - ""RUA ENGENHEIRO LEAL LIMA VERDE"" ATE O PONTO INICIAL"
23;440;FORTALEZA;65;MESSEJANA;9;114;2;5;": DO PONTO INICIAL SEGUE ATE ""RUA  MARCELINO LOPES"" - ""RUA SANDRA GENTIL"" - ""RUA TABELIAO JOAQUIM COELHO"" - ""RUA ANTONIO GENTIL"" - ""RUA DA ZINA"" - ""RUA SANDRA G TABELIAO JOAQUIM COELHO"" - ""RUA ANTONIO GENTIL"" - ""RUA DA ZINA"" - ""RUA SANDRA GENTIL"" - ""RUA DOUTOR JOAQUIM FROTA"" - ""RUA DOUTOR ERNESTO MONTEIRO"" - ""RUA CONSEENTIL"" - ""RUA DOUTOR JOAQUIM FROTA"" - ""RUA DOUTOR ERNESTO MONTEIRO"" - ""RUA CONSELHEIRO GOMES DE FREITAS"" - ""RUA PRESIDENTE ARTUR BERNARDES"" ATE O PONTO INICIALLHEIRO GOMES DE FREITAS"" - ""RUA PRESIDENTE ARTUR BERNARDES"" ATE O PONTO INICIALNaN"
23;440;FORTALEZA;65;MESSEJANA;9;115;2;3;": DO PONTO INICIAL SEGUE PELA ""RUA MARCELINO LOPES"" - ""RUA EVILASIO ALMEIDA"" - ""RUA CONSELHEIRO GOMES DE FREITAS"" - ""RUA ANTONIO GENTIL"" - ""RUA TABELIAO JOAQUIMRUA CONSELHEIRO GOMES DE FREITAS"" - ""RUA ANTONIO GENTIL"" - ""RUA TABELIAO JOAQUIM COELHO"" - ""RUA SANDRA GENTIL"" ATE O PONTO INICIAL"
23;440;FORTALEZA;65;MESSEJANA;9;116;2;3;": DO PONTO INICIAL SEGUE PELA ""RUA CONSELHEIRO GOMES DE FREITAS"" - ""RUA EVILASIO ALMEIDA MIRANDA"" - ""RUA EUCLIDES ONOFRE DE SOUSA"" - ""RUA ANTONIO GENTIL"" ATE O ALMEIDA MIRANDA"" - ""RUA EUCLIDES ONOFRE DE SOUSA"" - ""RUA ANTONIO GENTIL"" ATE OPONTO INICIAL"
23;440;FORTALEZA;65;MESSEJANA;9;117;2;5;": DO PONTO INICIAL SEGUE PELA ""AVENIDA SAPIRANGA"" DEPOIS PELAS ""MARGENS DA LAGOA COITE"" DEPOIS PELO ""RIACHO QUE VAI A LAGOA DA SAPIRANGA"" - ""MARGEM DA LAGOA SAP COITE"" DEPOIS PELO ""RIACHO QUE VAI A LAGOA DA SAPIRANGA"" - ""MARGEM DA LAGOA SAPIRANGA"" - ""AVENIDA MARIO LINHARES"" - ""RUA DOUTOR JOAQUIM FROTA"" - ""RUA SANDRA GEIRANGA"" - ""AVENIDA MARIO LINHARES"" - ""RUA DOUTOR JOAQUIM FROTA"" - ""RUA SANDRA GENTIL"" - ""RUA DA ZINA"" - ""RUA ANTONIO GENTIL"" - ""RUA EUCLIDES ONOFRE DE SOUSA"" -NTIL"" - ""RUA DA ZINA"" - ""RUA ANTONIO GENTIL"" - ""RUA EUCLIDES ONOFRE DE SOUSA"" -RUA EVILASIO ALMEIDA DE MIRANDA ATE O PONTO INICIAL"
23;440;FORTALEZA;65;MESSEJANA;9;118;2;6;": DO PONTO INICIAL SEGUE PELA ""RUA OLEGARIO MEMORIA"" - ""RUA DOUTOR CORREA LIMA""- ""AVENIDA DOIS OU RUA CONSELHEIRO GOMES DE FREITAS"" DEPOIS SEGUE POR UM CAMINHO- ""AVENIDA DOIS OU RUA CONSELHEIRO GOMES DE FREITAS"" DEPOIS SEGUE POR UM CAMINHO QUE LIGA A ULTIMA A ""RUA ANTONIO NOGUEIRA"" - ""RUA FRANCISCO MATIAS"" - ""AVENIDA QUE LIGA A ULTIMA A ""RUA ANTONIO NOGUEIRA"" - ""RUA FRANCISCO MATIAS"" - ""AVENIDAMAESTRO LISBOA"" ATE O ""RIACHO DA LAGOA DA SAPIRANGA"" CONTORNA A LAGOA DEPOIS PELMAESTRO LISBOA"" ATE O ""RIACHO DA LAGOA DA SAPIRANGA"" CONTORNA A LAGOA DEPOIS PELO RIACHO QUE VAI A ""LAGOA COITE"" - ""AVENIDA SAPIRANGA"" - ""RUA EVILASIO ALMEIDA MO RIACHO QUE VAI A ""LAGOA COITE"" - ""AVENIDA SAPIRANGA"" - ""RUA EVILASIO ALMEIDA MIRANDA"" - ""RUA MARCELINO LOPES"" - ""RUA MARIA IVONE"" ATE O PONTO INICIAL"
23;440;FORTALEZA;65;MESSEJANA;9;119;2;3;": DO PONTO INICIAL SEGUE PELA ""MARGEM DA LAGOA DA SAPIRANGA"" EXCLUSIVE ATE O ""RIACHO QUE VAI A LAGOA REDONDA"" - ""AVENIDA MAESTRO LISBOA"" - ""AVENIDA MARIO LINHARACHO QUE VAI A LAGOA REDONDA"" - ""AVENIDA MAESTRO LISBOA"" - ""AVENIDA MARIO LINHARES"" ATE O PONTO INICIAL"
23;440;FORTALEZA;65;MESSEJANA;9;120;2;2;": DO PONTO INICIAL SEGUE PELA ""TRAVESSA SAPIRANGA"" - ""RUA PADRE NERI"" - ""RUA SEM DENOMINACAO"" - ""RUA FRANCISCA BEZERRA"" ATE O PONTO INICIAL"
23;440;FORTALEZA;65;MESSEJANA;9;121;2;3;": DO PONTO INICIAL SEGUE PELA ""RUA JOAQUIM FROTA"" - ""AVENIDA MARIO LINHARES"" - ""AVENIDA MAESTRO LISBOA"" - ""AVENIDA-WASHINGTON SOARES"" ATE O PONTO INICIALAVENIDA MAESTRO LISBOA"" - ""AVENIDA-WASHINGTON SOARES"" ATE O PONTO INICIALNaN"
23;440;FORTALEZA;65;MESSEJANA;9;122;2;3;": DO PONTO INICIAL SEGUE PELA ""AVENIDA MAESTRO LISBOA"" - ""AVENIDA ODILON GUIMARAES"" - ""RUA OZELIA PONTES"" - ""AVENIDA ENGENHEIRO LEAL LIMA VERDE"" ATE O PONTO INIES"" - ""RUA OZELIA PONTES"" - ""AVENIDA ENGENHEIRO LEAL LIMA VERDE"" ATE O PONTO INICIAL"
23;440;FORTALEZA;65;MESSEJANA;9;123;2;3;": DO PONTO INICIAL SEGUE PELA ""AVENIDA MAESTRO LISBOA"" - ""AVENIDA ENGENHEIRO LEAL LIMA VERDE"" - ""RUA CLODOALDO ARRUDA"" - ""AVENIDA GUILHERME WLASSEN"" - ""AVENIDAL LIMA VERDE"" - ""RUA CLODOALDO ARRUDA"" - ""AVENIDA GUILHERME WLASSEN"" - ""AVENIDAWASHINGTON SOARES"" ATE O PONTO INICIAL"
23;440;FORTALEZA;65;MESSEJANA;9;124;2;3;": DO PONTO PONTO INICIAL SEGUE PELA ""RUA CLODOALDO ARRUDA"" - ""RUA OZELIA PONTES"" - ""RUA PASCOAL MOREIRA"" - ""AVENIDA GUILHERME WLASSEN"" ATE O PONTO INICIAL - ""RUA PASCOAL MOREIRA"" - ""AVENIDA GUILHERME WLASSEN"" ATE O PONTO INICIALNaN"
23;440;FORTALEZA;65;MESSEJANA;9;125;2;2;": DO PONTO INICIAL SEGUE PELA ""TRAVESSA CAPRICHO"" ATE A ""RUA PASCOAL MOREIRA"" -RUA OZELIA PONTES - ""RUA ODILON GUIMARAES"" ATE O PONTO INICIAL"
23;440;FORTALEZA;65;MESSEJANA;9;126;2;3;": DO PONTO INICIAL SEGUE PELA ""RUA SAO MIGUEL"" OU ""RUA CAPITAO JUSTINO FERREIRARAMOS"" - ""RUA NENEN ARRUDA"" - ""RUA ODILON GUIMARAES"" ATE O PONTO INICIALRAMOS"" - ""RUA NENEN ARRUDA"" - ""RUA ODILON GUIMARAES"" ATE O PONTO INICIALNaN"
23;440;FORTALEZA;65;MESSEJANA;11;1;2;5;": DO PONTO INICIAL SEGUE ATE A ""RUA CESARIO"" DAI ATE A ""RUA JOAQUIM BENTO"" (PERIMETRAL) DAI ATE A ""RUA HERNESTO MATOS"" DAI ATE A ""RUA PROF JOSE HENRIQUE"" DAI AMETRAL) DAI ATE A ""RUA HERNESTO MATOS"" DAI ATE A ""RUA PROF JOSE HENRIQUE"" DAI ARUA ANTONIO BARROS DAI ATE A ""RUA JOAQUIM BENTO"" - (PERIMETRAL) DAI ATE A ""RUARUA ANTONIO BARROS DAI ATE A ""RUA JOAQUIM BENTO"" - (PERIMETRAL) DAI ATE A ""RUA CEL DIONISIO DE ALENCAR"" DAI ATE A ""RUA MANOEL CASTELO"" DAI ATE A ""RUA TENENTE CEL DIONISIO DE ALENCAR"" DAI ATE A ""RUA MANOEL CASTELO"" DAI ATE A ""RUA TENENTEJURANDIR DE ALENCAR"" DAI ATE ""RUA PADRE PEDRO DE ALENCAR"" ATE O PONTO INICIAL"
23;440;FORTALEZA;65;MESSEJANA;11;2;2;4;": DO PONTO INICIAL SEGUE PELA ""RUA SARGENTO EXPEDITO"" ATE ""RUA TENENTE JOSE NILTON"" - ""RUA GUILHERME PESSOA"" - :RUA CAPANEMA"" - ""RUA JOAQUIM BENTO""(PERIMETRAL)ON"" - ""RUA GUILHERME PESSOA"" - :RUA CAPANEMA"" - ""RUA JOAQUIM BENTO""(PERIMETRAL)- ""RUA CESARIO LANGE"" - ""RUA JOAQUIM FELICIO"" - ""RUA PADRE PEDRO ALENCAR"" ATE PO- ""RUA CESARIO LANGE"" - ""RUA JOAQUIM FELICIO"" - ""RUA PADRE PEDRO ALENCAR"" ATE PONTO INICIAL"
23;440;FORTALEZA;65;MESSEJANA;11;3;2;4;": DO PONTO INICIAL SEGUE PELA ""RUA HERBENE"" ATE ""LEONCIO TABOSA"" - ""RUA LOPES TAVORA"" - ""RUA MAXIMIANO BARRETO"" - ""RUA LEONCIO TABOSA"" - ""RUA FREI CIRILO"" - ""RUVORA"" - ""RUA MAXIMIANO BARRETO"" - ""RUA LEONCIO TABOSA"" - ""RUA FREI CIRILO"" - ""RUA PADRE PEDRO ALENCAR"" - ""RUA TENENTE JURANDIR ALENCAR"" - ""RUA PRESIDENTE COSTAA PADRE PEDRO ALENCAR"" - ""RUA TENENTE JURANDIR ALENCAR"" - ""RUA PRESIDENTE COSTAE SILVA"" - ""RODOVIA BR-116"" ATE PONTO INICIAL"
23;440;FORTALEZA;65;MESSEJANA;11;4;2;3;": DO PONTO INICIAL SEGUE PELA ""RUA PAULO SETUBAL"" ATE ""RUA ELMIRA"" - ""RUA MAXIMIANO BARRETO"" - ""RUA LOPES TAVORA"" - ""RUA LEONCIO TABOSA"" - ""RUA HERBENE"" - ""RODOANO BARRETO"" - ""RUA LOPES TAVORA"" - ""RUA LEONCIO TABOSA"" - ""RUA HERBENE"" - ""RODOVIA BR-116"" ATE PONTO INICIAL"
23;440;FORTALEZA;65;MESSEJANA;11;5;2;3;": DO PONTO INICIAL SEGUE PELA ""RUA ALBERTO TORRES SILVEIRA"" ATE ""RUA FREI CIRILO - RUA LEONCIO TABOSA"" - ""RUA MAXIMIANO BARRETO"" - ""RUA ELMIRA"" - ""RUA PAULO S - RUA LEONCIO TABOSA"" - ""RUA MAXIMIANO BARRETO"" - ""RUA ELMIRA"" - ""RUA PAULO SETUBAL"" - ""RODOVIA BR-116"" ATE PONTO INICIAL"
23;440;FORTALEZA;65;MESSEJANA;11;6;2;2;": DO PONTO INICIAL SEGUE ATE A ""TRAVESSA FREDERICO SEVERO"" DAI ATE A ""RUA NICOLAU COELHO"" DAI ATE A ""AVENIDA FREI CIRILO"" ATE O PONTO INICIAL"
23;440;FORTALEZA;65;MESSEJANA;11;7;2;2;":DO PONTO INICIAL SEGUE ATE A ""RUA CORONEL JOAO DE OLIVEIRA"" DAI ATE A ""RUA NICOLAU COELHO"" PONTO INICIAL"
23;440;FORTALEZA;65;MESSEJANA;11;8;2;4;": DO PONTO INICIAL SEGUE ATE A ""RUA ELISIARIO MENDES"" DAI ATE A ""RUA FREDERICO SEVERO"" DAI ATE A ""RUA NICOLAU COELHO"" DAI ATE A ""TRAVESSA FREDERICO SEVERO"" DAIEVERO"" DAI ATE A ""RUA NICOLAU COELHO"" DAI ATE A ""TRAVESSA FREDERICO SEVERO"" DAIATE A ""RUA FREDERICO SEVERO"" DAI ATE A ""AVENIDA FREI CIRILO"" ATE O PONTO INICIALATE A ""RUA FREDERICO SEVERO"" DAI ATE A ""AVENIDA FREI CIRILO"" ATE O PONTO INICIALNaN"
23;440;FORTALEZA;65;MESSEJANA;11;9;2;2;": DO PONTO INICIAL SEGUE ATE A ""RUA FARIAS LEMOS"" DAI ATE A ""RUA FREDERICO SEVERO"" DAI ATE A ""RUA ELISIARIO MENDES"" ATE O PONTO INICIAL"
23;440;FORTALEZA;65;MESSEJANA;11;10;2;4;": DO PONTO INICIAL SEGUE ATE A ""RUA EVARISTO VEIGA"" DAI ATE A ""RUA NICOLAU COELHO"" DAI ATE A ""RUA FREDERICO SEVERO"" DAI ATE A ""RUA FARIAS LEMOS"" DAI ATE A ""TRAVO"" DAI ATE A ""RUA FREDERICO SEVERO"" DAI ATE A ""RUA FARIAS LEMOS"" DAI ATE A ""TRAVESSA ELISARIO MENDES"" DAI ATE A ""RUA ELISARIO MENDES"" DAI ATE A ""RUA HOMEM DE MEESSA ELISARIO MENDES"" DAI ATE A ""RUA ELISARIO MENDES"" DAI ATE A ""RUA HOMEM DE MELO"" DAI ATE A ""AVENIDA FREI CIRILO"" ATE O PONTO INICIAL"
23;440;FORTALEZA;65;MESSEJANA;11;11;2;5;": DO PONTO INICIAL SEGUE ATE A ""RUA FARIAS LEMOS"" DAI ATE A ""RUA ALMEIDA REGO"" DAI SEGUE PELO O ""MURO DO COLEGIO"" ATE A ""RUA EVARISTO VEIGA"" DAI ATE A ""RUA INACAI SEGUE PELO O ""MURO DO COLEGIO"" ATE A ""RUA EVARISTO VEIGA"" DAI ATE A ""RUA INACIO VASCONCELOS"" DAI ATE A ""RUA FAUSTO DE AGUIAR"" DAI ATE A ""RUA NICOLAU COELHO""IO VASCONCELOS"" DAI ATE A ""RUA FAUSTO DE AGUIAR"" DAI ATE A ""RUA NICOLAU COELHO""DAI ATE A ""RUA EVARISTO VEIGA"" DAI ATE A ""RUA ALBERTO TORRES SILVEIRA"" DAI ATE ADAI ATE A ""RUA EVARISTO VEIGA"" DAI ATE A ""RUA ALBERTO TORRES SILVEIRA"" DAI ATE A ""AVENIDA FREI CIRILO"" ATE O PONTO INICIAL"
23;440;FORTALEZA;65;MESSEJANA;11;12;2;3;": DO PONTO INICIAL SEGUE ATE A ""RUA EVARISTO VEIGA"" DAI SEGUE PELO O ""MURO DO COLEGIO"" ATE A ""RUA ALMEIDA REGO"" DAI ATE A ""RUA FARIAS LEMOS"" ATE O PONTO INICIALLEGIO"" ATE A ""RUA ALMEIDA REGO"" DAI ATE A ""RUA FARIAS LEMOS"" ATE O PONTO INICIALNaN"
23;440;FORTALEZA;65;MESSEJANA;11;13;2;4;": DO PONTO INICIAL SEGUE PELA ""RUA ALBERTO TORRES DA SILVEIRA"" ATE ""RUA TOMAS IDELFONSO"" - ""RUA DUARTE DA COSTA"" - ""RUA VASCO DE ATAIDE"" - ""RUA BARTOLOMEU DIAS""ELFONSO"" - ""RUA DUARTE DA COSTA"" - ""RUA VASCO DE ATAIDE"" - ""RUA BARTOLOMEU DIAS"" - ""RUA CORONEL JOAO DE OLIVEIRA"" - ""RUA NICOLAU COELHO"" ATE PONTO INICIAL - ""RUA CORONEL JOAO DE OLIVEIRA"" - ""RUA NICOLAU COELHO"" ATE PONTO INICIALNaN"
23;440;FORTALEZA;65;MESSEJANA;11;14;2;2;": DO PONTO INICIAL SEGUE PELA ""RUA PEDRO DE ALCANTARA"" ATE ""RUA GUILHERME WLASSEN"" - ""RUA VASCO DE ATAIDE"" - ""RUA TOMAS IDELFONSO"" ATE PONTO INICIAL"
23;440;FORTALEZA;65;MESSEJANA;11;15;2;3;": DO PONTO INICIAL SEGUE PELA ""RUA VASCO DE ATAIDE"" ATE ""RUA GUILHERME WLASSEN""- ""RUA JOAQUIM BENTO"" (PERIMETRAL) - ""RUA VICENTE NOBRE MACEDO"" ATE PONTO INICIA- ""RUA JOAQUIM BENTO"" (PERIMETRAL) - ""RUA VICENTE NOBRE MACEDO"" ATE PONTO INICIAL"
23;440;FORTALEZA;65;MESSEJANA;11;16;2;3;": DO PONTO INICIAL SEGUE PELA ""RUA VASCO DE ATAIDE"" ATE ""RUA VICENTE NOBRE MACEDO"" - ""RUA JOAQUIM BENTO"" (PERIMETRAL) - ""RUA TOME DE SOUSA"" - ""RUA AFONSO HENRIQO"" - ""RUA JOAQUIM BENTO"" (PERIMETRAL) - ""RUA TOME DE SOUSA"" - ""RUA AFONSO HENRIQUE"" - ""RUA CAPANEMA"" ATE PONTO INICIAL"
23;440;FORTALEZA;65;MESSEJANA;11;17;2;3;": DO PONTO INICIAL SEGUE ATE A ""RUA BARTOLOMEU DIAS"" DAI ATE A ""RUA VASCO DE ATHAIDE"" DAI ATE A ""RUA CAPANEMA"" DAI ATE A ""RUA AFONSO HENRIQUE"" DAI ATE A ""RUA NIAIDE"" DAI ATE A ""RUA CAPANEMA"" DAI ATE A ""RUA AFONSO HENRIQUE"" DAI ATE A ""RUA NICOLAU COELHO"" ATE O PONTO INICIAL"
23;440;FORTALEZA;65;MESSEJANA;11;18;2;3;": DO PONTO INICIAL SEGUE PELA ""RUA AFONSO HENRIQUE"" ATE A ""RUA TENENTE JOSE NILTON"" - ""RUA SARGENTO EXPEDITO"" - ""RUA PADRE PEDRO DE ALENCAR"" - ""RUA NICOLAU COELON"" - ""RUA SARGENTO EXPEDITO"" - ""RUA PADRE PEDRO DE ALENCAR"" - ""RUA NICOLAU COELHO"" ATE O PONTO INICIAL"
23;440;FORTALEZA;65;MESSEJANA;11;19;2;2;": DO PONTO INICIAL SEGUE PELA ""RUA AFONSO HENRIQUE"" - ""RUA CAPANEMA"" - ""RUA GUILHERME PESSOA"" - ""RUA TENENTE JOSE NILTON"" ATE O PONTO INICIAL"
23;440;FORTALEZA;65;MESSEJANA;11;20;2;2;": DO PONTO INICIAL SEGUE PELA ""RUA AFONSO HENRIQUE"" - ""RUA TOME DE SOUSA"" - ""RUA JOAQUIM BENTO OU PERIMETRAL"" - ""RUA CAPANEMA"" ATE O PONTO INICIAL"
23;440;FORTALEZA;65;MESSEJANA;11;21;2;2;": DO PONTO INICIAL SEGUE ATE A ""RUA ANTONIO BARROS"" DAI ATE A ""RUA PROFESSOR JOSE HENRIQUE"" DAI ATE A ""RUA ERNESTO MATOS"" ATE O PONTO INICIAL"
23;440;FORTALEZA;65;MESSEJANA;11;22;2;3;": DO PONTO INICIAL SEGUE ATE A ""RUA INACIO ORIA"" DAI ATE A ""RUA PROFESSOR JOSE HENRIQUE"" DAI ATE A ""RUA CORONEL DIONISIO DE ALENCAR"" ATE O PONTO INICIALENRIQUE"" DAI ATE A ""RUA CORONEL DIONISIO DE ALENCAR"" ATE O PONTO INICIALNaN"
23;440;FORTALEZA;65;MESSEJANA;11;23;2;3;": DO PONTO INICIAL SEGUE ATE A ""RUA INACIO ORIA"" DAI ATE A ""RUA JOAQUIM BENTO"" (PERIMETRAL) DAI ATE A ""RUA JOAO PEREIRA"" DAI ATE A ""RUA JOAQUIM FELECIO"" DAI ATEPERIMETRAL) DAI ATE A ""RUA JOAO PEREIRA"" DAI ATE A ""RUA JOAQUIM FELECIO"" DAI ATE A ""RUA CORONEL DIONISIO DE ALENCAR"" ATE O PONTO INICIAL"
23;440;FORTALEZA;65;MESSEJANA;11;24;2;4;": DO PONTO INICIAL SEGUE ATE A ""RUA JOAO PEREIRA"" DAI SEGUE PELA A ""CERCA DE ARAME"" ATE A ""RUA JOSE HIPOLITO"" DAI ATE A ""RUA JOSE CAVALCANTE SOBRINHO"" DAI ATE AME"" ATE A ""RUA JOSE HIPOLITO"" DAI ATE A ""RUA JOSE CAVALCANTE SOBRINHO"" DAI ATE A ""RUA BARAO DE AQUIRAZ"" DAI ATE A ""RUA MANOEL CASTELO"" - ""RUA CORONEL DIONISIO D ""RUA BARAO DE AQUIRAZ"" DAI ATE A ""RUA MANOEL CASTELO"" - ""RUA CORONEL DIONISIO DE ALENCAR"" ATE PONTO INICIAL"
23;440;FORTALEZA;65;MESSEJANA;11;25;2;5;": DO PONTO INICIAL SEGUE ATE A ""RUA CORONEL GUILHERME DE ALENCAR"" DAI ATE A ""RUA PADRE SEVERIANO"" DAI ATE A ""AVENIDA PALESTINA"" DAI ATE A ""RUA BARAO DE AQUIRAZ"" PADRE SEVERIANO"" DAI ATE A ""AVENIDA PALESTINA"" DAI ATE A ""RUA BARAO DE AQUIRAZ"" DAI ATE A ""RUA OSCAR"" DAI ATE A ""RUA CORONEL GUILHERME DE ALENCAR"" DAI ATE A ""T DAI ATE A ""RUA OSCAR"" DAI ATE A ""RUA CORONEL GUILHERME DE ALENCAR"" DAI ATE A ""TRAVESSA OLIVEIRA CHAVES"" DAI ATE A ""RUA PADRE PEDRO DE ALENCAR"" ATE O PONTO INICRAVESSA OLIVEIRA CHAVES"" DAI ATE A ""RUA PADRE PEDRO DE ALENCAR"" ATE O PONTO INICIAL"
23;440;FORTALEZA;65;MESSEJANA;11;26;2;3;": DO PONTO INICIAL SEGUE ATE A ""RUA MANOEL CASTELO"" - ""RUA BARAO DE AQUIRAZ"" - ""AVENIDA PALESTINA"" - ""RUA PADRE SEVERIANO"" - ""RUA CORONEL GUILHERME DE ALENCAR""-AVENIDA PALESTINA"" - ""RUA PADRE SEVERIANO"" - ""RUA CORONEL GUILHERME DE ALENCAR""- ""RUA VENEZA"" - ""RUA PADRE PEDRO DE ALENCAR"" ATE PONTO INICIAL"
23;440;FORTALEZA;65;MESSEJANA;11;27;2;3;": DO PONTO INICIAL SEGUE PELA ""AVENIDA PRESIDENTE COSTA E SILVA"" ATE ""RUA PADREPEDRO ALENCAR"" - ""ESTRADA DO ANCURI"" ATE ""RODOVIA BR-116"" - ""RUA SANTA EFIGENIA""PEDRO ALENCAR"" - ""ESTRADA DO ANCURI"" ATE ""RODOVIA BR-116"" - ""RUA SANTA EFIGENIA"" - ""RUA GUARUJA"" - ""RUA ANGELICA GURGEL"" ATE PONTO INICIAL"
23;440;FORTALEZA;65;MESSEJANA;11;28;2;3;": DO PONTO INICIAL SEGUE PELA ""RUA PRESIDENTE COSTA E SILVA"" ATE ""RUA ANGELICA GURGEL"" - ""RUA GUARUJA"" - ""RUA SANTA EFIGENIA"" ATE A ""RODOVIA BR-116"" ATE O PONTOURGEL"" - ""RUA GUARUJA"" - ""RUA SANTA EFIGENIA"" ATE A ""RODOVIA BR-116"" ATE O PONTO INICIAL"
23;440;FORTALEZA;65;MESSEJANA;11;29;2;3;": DO PONTO INICIAL SEGUE PELA ""RUA CAPITAO WALDEMAR PAULA"" ATE +CERCA+ ANTES DAAVENIDA HUGO BEZERRA SEGUE POR ESTA CERCA DE ARAME ATE ""RUA SEM DENOMINACAO"" DAVENIDA HUGO BEZERRA SEGUE POR ESTA CERCA DE ARAME ATE ""RUA SEM DENOMINACAO"" DAI ATE ""ESTRADA DA CERAMICA"" ATE O PONTO INICIAL"
23;440;FORTALEZA;65;MESSEJANA;11;30;2;3;": DO PONTO INICIAL SEGUE PELA ""AVENIDA DEPUTADO PAULINO ROCHA"" - ""RUA MADRE ANACOUTO"" - ""RUA CAPITAO WALDEMAR PAULA"" - ""ESTRADA DA CERAMICA"" - ""RIO COCO"" ATE OCOUTO"" - ""RUA CAPITAO WALDEMAR PAULA"" - ""ESTRADA DA CERAMICA"" - ""RIO COCO"" ATE O PONTO INICIAL"
23;440;FORTALEZA;65;MESSEJANA;11;31;2;3;": DO PONTO INICIAL SEGUE PELA ""RUA MADRE ANA COUTO"" ATE ""RUA ALBERTO TORRES SILVEIRA"" - ""RODOVIA BR-116"" - ""RUA AMARO BANDEIRA"" - ""RUA LOURABER MONTEIRO"" -  ""AVEIRA"" - ""RODOVIA BR-116"" - ""RUA AMARO BANDEIRA"" - ""RUA LOURABER MONTEIRO"" -  ""AVENIDA HUGO BEZERRA"" - ""RUA CAPITAO WALDEMAR P AULA"" ATE PONTO INICIAL"
23;440;FORTALEZA;65;MESSEJANA;11;32;2;4;": DO PONTO INICIAL SEGUE PELA ""AVENIDA HUGO BEZERRA"" ATE ""RUA LOURALBER MONTEIRO - RUA AMARO BANDEIRA"" - ""RODOVIA BR-116"" - ""RUA JONAS BEZERRA"" - ""RUA GERALDO - RUA AMARO BANDEIRA"" - ""RODOVIA BR-116"" - ""RUA JONAS BEZERRA"" - ""RUA GERALDO SOARES"" - ""RUA MAXIMIANO BARRETO"" - ""RUA MARIA PERDIGAO"" ATE PONTO INICIAL SOARES"" - ""RUA MAXIMIANO BARRETO"" - ""RUA MARIA PERDIGAO"" ATE PONTO INICIALNaN"
23;440;FORTALEZA;65;MESSEJANA;11;33;2;3;": DO PONTO INICIAL SEGUE PELA ""RUA AMARO BANDEIRA"" ATE ""RUA MARIA PERDIGAO"" - ""RUA MAXIMIANO BARRETO"" UMA +RETA+ ATE ""RUA CAPITAO WALDEMAR PAULA"" DAI ATE PONTOUA MAXIMIANO BARRETO"" UMA +RETA+ ATE ""RUA CAPITAO WALDEMAR PAULA"" DAI ATE PONTOINICIAL"
23;440;FORTALEZA;65;MESSEJANA;11;34;2;3;": DO PONTO INICIAL SEGUE PELA ""RODOVIA BR-116"" ATE ""AVENIDA PRESIDENTE COSTA E SILVA"" - ""RUA AUGUSTO CALHEIROS"" - ""RUA CLEA"" - ""RUA GERALDO SOARES"" - ""RUA JONASILVA"" - ""RUA AUGUSTO CALHEIROS"" - ""RUA CLEA"" - ""RUA GERALDO SOARES"" - ""RUA JONAS BEZERRA"" ATE PONTO INICIAL"
23;440;FORTALEZA;65;MESSEJANA;11;35;2;6;": DO PONTO INICIAL SEGUE PELA ""ESTRADA DA CERAMICA"" ATE A ""RUA SEM  DENOMINACAO"" DAI SEGUINDO PELA CERCA DE ARAME ATE A ""RUA CAP WALDEMAR PAULA""  ""AV HUGO BEZER DAI SEGUINDO PELA CERCA DE ARAME ATE A ""RUA CAP WALDEMAR PAULA""  ""AV HUGO BEZERRA"" ""MARIA PERDIGAO"" ""RUA AMARO BANDEIRA"" ""RUA CAPITAO  VALDEMAR PAULA"" ""RUA MAXRA"" ""MARIA PERDIGAO"" ""RUA AMARO BANDEIRA"" ""RUA CAPITAO  VALDEMAR PAULA"" ""RUA MAXIMIANO BARRETO"" - ""RUA GERALDO SOARES"" - ""RUA CLEIA""  - ""RUA AUGUSTO CALHEIROS""IMIANO BARRETO"" - ""RUA GERALDO SOARES"" - ""RUA CLEIA""  - ""RUA AUGUSTO CALHEIROS""RUA CINCO - ""RUA DEZESSEIS"" - ""RUA UM""  DAI UMA RETA ATE ""RIO COCO"" DAI ATE ORUA CINCO - ""RUA DEZESSEIS"" - ""RUA UM""  DAI UMA RETA ATE ""RIO COCO"" DAI ATE OPONTO INICIAL"
23;440;FORTALEZA;65;MESSEJANA;11;36;2;4;": DO PONTO INICIAL SEGUE PELO ""RIO COCO"" ATE A ALTURA DA ""RUA UM"" SEGUE POR ESTA ATE ""RUA DEZESSEIS"" - ""RUA CINCO"" - ""RUA VINTE E TRES"" - ""AVENIDA PRESIDENTE CO ATE ""RUA DEZESSEIS"" - ""RUA CINCO"" - ""RUA VINTE E TRES"" - ""AVENIDA PRESIDENTE COSTA E SILVA"" - ""RUA E"" - ""RUA SEM DENOMINACAO"" - ""TV ESPECIAL"" - ""AVENIDA COSTASTA E SILVA"" - ""RUA E"" - ""RUA SEM DENOMINACAO"" - ""TV ESPECIAL"" - ""AVENIDA COSTAE SILVA"" ATE PONTO INICIAL"
23;440;FORTALEZA;65;MESSEJANA;11;37;2;2;": DO PONTO INICIAL SEGUE PELA ""AVENIDA PRESIDENTE COSTA E SILVA"" ATE ""TRAVESSA ESPECIAL"" - ""RUA SEM DENOMINACAO"" - ""RUA E"" ATE PONTO INICIAL"
23;440;FORTALEZA;65;MESSEJANA;11;38;2;5;": DO PONTO INICIAL SEGUE PELA ""RUA DO CONTORNO"" OU ""RUA GREGORIO DE FRANCA"" ATE CONFRONTAR COM ""AVENIDA DEPUTADO PAULINO ROCHA"" POR ESTA ATE ""RUA SEM DENOMINAC CONFRONTAR COM ""AVENIDA DEPUTADO PAULINO ROCHA"" POR ESTA ATE ""RUA SEM DENOMINACAO"" QUE PASSA AO LADO DA UNIDADE DE TRATAMENTO SANITARIO. SEGUINDO POR ESTA CONTAO"" QUE PASSA AO LADO DA UNIDADE DE TRATAMENTO SANITARIO. SEGUINDO POR ESTA CONTORNANDO AS ""PRACAS 1 2 E 3"" (INCLUSIVE) DAI PASSANDO EM FRENTE A IGREJA (EXCLUSIORNANDO AS ""PRACAS 1 2 E 3"" (INCLUSIVE) DAI PASSANDO EM FRENTE A IGREJA (EXCLUSIVE) ATE A ""RUA DA CAIXA D„AGUA"" POR ESTA ATE O PONTO INICIAL"
23;440;FORTALEZA;65;MESSEJANA;11;39;2;5;": DO PONTO INICIAL SEGUE PELA ""RUA DO CONTORNO"" OU ""RUA GREGORIO DE FRANCA"" ATEA ""RUA DA CAIXA D'AGUA"" SEGUE POR ESTA PASSANDO PELA FRENTE DA IGREJA(INCLUSIVE)A ""RUA DA CAIXA D'AGUA"" SEGUE POR ESTA PASSANDO PELA FRENTE DA IGREJA(INCLUSIVE) CONTORNANDO AS ""PRACAS 3 2 E 1"" (EXCLUSIVE) ATE A ""RUA SEM DENOMINACAO"" QUE PAS CONTORNANDO AS ""PRACAS 3 2 E 1"" (EXCLUSIVE) ATE A ""RUA SEM DENOMINACAO"" QUE PASSA AO LADO DA UNIDADE DE TRATAMENTO SANITARIO POR ESTA ATE A ""AVENIDA DEPUTADOSA AO LADO DA UNIDADE DE TRATAMENTO SANITARIO POR ESTA ATE A ""AVENIDA DEPUTADOPAULINO ROCHA"" ATE O PONTO INICIAL"
23;440;FORTALEZA;65;MESSEJANA;11;40;2;4;": DO PONTO INICIAL SEGUE PELA ""AVENIDA DEPUTADO PAULINO ROCHA"" ATE CONFRONTAR-SE COM O ""RIO COCO"" SEGUE PELO ""RIO COCO"" ATE O ""RIACHO"" POR ESTE ATE A ""RUA SEM D COM O ""RIO COCO"" SEGUE PELO ""RIO COCO"" ATE O ""RIACHO"" POR ESTE ATE A ""RUA SEM DENOMINACAO"" DAI ATE A ""AVENIDA DEPUTADO PAULINO ROCHA"" ATE O PONTO INICIALENOMINACAO"" DAI ATE A ""AVENIDA DEPUTADO PAULINO ROCHA"" ATE O PONTO INICIALNaN"
23;440;FORTALEZA;65;MESSEJANA;11;41;2;4;": DO PONTO INICIAL SEGUE PELA ""RODOVIA BR-116"" - ""VILA SAO JOSE DE NAZARE"" - ""RUA TIBURCIO PEREIRA"" - ""RUA SEM DENOMINACAO"" - ""RUA TITO BARROS"" - ""AVENIDA DEPUTA TIBURCIO PEREIRA"" - ""RUA SEM DENOMINACAO"" - ""RUA TITO BARROS"" - ""AVENIDA DEPUTADO PAULINO ROCHA"" CONTINUACAO DA ""RUA LUIS SARAIVA"" - ""RIACHO SEM DENOMINACAO""ADO PAULINO ROCHA"" CONTINUACAO DA ""RUA LUIS SARAIVA"" - ""RIACHO SEM DENOMINACAO""QUE VAI AO ""RIO COCO"" DAI ATE O PONTO INICIAL"
23;440;FORTALEZA;65;MESSEJANA;11;42;2;2;": DO PONTO INICIAL SEGUE PELA ""RUA PADRE PAULINO"" - ""RUA TIBURCIO PEREIRA"" - ""VILA SAO JOSE DE NAZARE"" - ""RODOVIA BR-116"" ATE PONTO INICIAL"
23;440;FORTALEZA;65;MESSEJANA;11;43;2;4;": DO PONTO INICIAL SEGUE PELA ""RODOVIA BR-116"" ATE ""RUA ENFERMEIRO JOAQUIM PINTO - AVENIDA DEPUTADO PAULINO ROCHA"" ATE A ""RUA TITO BARROS"" - ""TRAVESSA SEM DEN - AVENIDA DEPUTADO PAULINO ROCHA"" ATE A ""RUA TITO BARROS"" - ""TRAVESSA SEM DENOMINACAO"" - ""RUA TIBURCIO PEREIRA"" - ""RUA PADRE PAULINO"" ATE PONTO INICIALOMINACAO"" - ""RUA TIBURCIO PEREIRA"" - ""RUA PADRE PAULINO"" ATE PONTO INICIALNaN"
23;440;FORTALEZA;65;MESSEJANA;11;44;2;5;": DO PONTO INICIAL SEGUE PELA ""RODOVIA BR-116"" - ""RUA ROSA VIRGINIA"" - ""RUA FRANCISCO NOGUEIRA LIMA"" SEGUINDO PELA ""RUA O"" ATE A ""RUA 1"" POR ESTA EM LINHA RETACISCO NOGUEIRA LIMA"" SEGUINDO PELA ""RUA O"" ATE A ""RUA 1"" POR ESTA EM LINHA RETAATE A ""RUA DO CONTORNO"" OU ""RUA GREGORIO DE FRANCA"" DAI ATE A ""AVENIDA DEPUTADOATE A ""RUA DO CONTORNO"" OU ""RUA GREGORIO DE FRANCA"" DAI ATE A ""AVENIDA DEPUTADOPAULINO ROCHA"" DAI ATE A ""RUA ENFERMEIRO JOAQUIM PINTO"" ATE O PONTO INICIALPAULINO ROCHA"" DAI ATE A ""RUA ENFERMEIRO JOAQUIM PINTO"" ATE O PONTO INICIALNaN"
23;440;FORTALEZA;65;MESSEJANA;11;45;2;3;": DO PONTO INICIAL SEGUE PELA ""RUA ZERO"" OU ""RUA FRANCISCO NOGUEIRA LIMA"" - ""RUA ROSA VIRGINIA"" - ""RUA CORONEL ZACARIAS J DE FRANCA"" - ""RUA 1"" ATE O PONTO INICI ROSA VIRGINIA"" - ""RUA CORONEL ZACARIAS J DE FRANCA"" - ""RUA 1"" ATE O PONTO INICIAL"
23;440;FORTALEZA;65;MESSEJANA;11;46;2;4;": DO PONTO INICIAL SEGUE PELA ""RUA GREGORIO DE FRANCA"" ATE CONFRONTAR-SE COM A ""RUA 1"" - ""RUA CORONEL ZACARIAS DE FRANCA"" - ""RUA ROSA VIRGINIA"" - ""RODOVIA BR-11RUA 1"" - ""RUA CORONEL ZACARIAS DE FRANCA"" - ""RUA ROSA VIRGINIA"" - ""RODOVIA BR-116"" - ""AV FREI CIRILO"" - ""RUA ALBERTO TORRES SILVEIRA"" - ""RUA MADRE ANA COUTO"" -6"" - ""AV FREI CIRILO"" - ""RUA ALBERTO TORRES SILVEIRA"" - ""RUA MADRE ANA COUTO"" -AVENIDA DEPUTADO PAULINO ROCHA ATE O PONTO INICIAL"
23;440;FORTALEZA;65;MESSEJANA;11;47;2;5;": DO PONTO INICIAL SEGUE ATE A ""AVENIDA DESEMBARGADOR GONZAGA"" DAI ATE A ""ESTRADA DO SITIO CANABEBAI"" DAI ATE A ""AVENIDA ENGENHEIRO JOSE GUIMARAES"" DAI ATE A ""AA DO SITIO CANABEBAI"" DAI ATE A ""AVENIDA ENGENHEIRO JOSE GUIMARAES"" DAI ATE A ""AVENIDA PEDRO LAZAR"" DAI ATE A ""AVENIDA MINISTRO JOSE AMERICO"" DAI ATE A ""RUA FARVENIDA PEDRO LAZAR"" DAI ATE A ""AVENIDA MINISTRO JOSE AMERICO"" DAI ATE A ""RUA FARIAS LEMOS"" DAI ATE A ""RUA NEWTON CRAVEIRO"" DAI ATE A ""BR 116"" ATE O PONTO INICIAIAS LEMOS"" DAI ATE A ""RUA NEWTON CRAVEIRO"" DAI ATE A ""BR 116"" ATE O PONTO INICIAL"
23;440;FORTALEZA;65;MESSEJANA;11;48;2;2;": DO PONTO INICIAL SEGUE ATE A ""RUA FARIAS LEMOS"" DAI ATE A ""AVENIDA MINISTRO JOSE AMERICO"" DAI ATE A ""RUA ELISIARIO MENDES"" ATE O PONTO INICIAL"
23;440;FORTALEZA;65;MESSEJANA;11;49;2;4;": DO PONTO INICIAL SEGUE ATE A ""BR 116"" DAI ATE A ""RUA NEWTON CRAVEIRO"" DAI ATEA ""RUA ELISIARIO MENDES"" DAI ATE A ""AVENIDA MINISTRO JOSE AMERICO"" DAI ATE A ""RUA ""RUA ELISIARIO MENDES"" DAI ATE A ""AVENIDA MINISTRO JOSE AMERICO"" DAI ATE A ""RUA FAUSTO AGUIAR"" DAI ATE A ""RUA INACIO VASCONCELOS"" ATE O PONTO INICIALA FAUSTO AGUIAR"" DAI ATE A ""RUA INACIO VASCONCELOS"" ATE O PONTO INICIALNaN"
23;440;FORTALEZA;65;MESSEJANA;11;127;2;3;": DO PONTO INICIAL SEGUE PELA ""RUA NENEM ARRUDA"" - ""RUA SAO MIGUEL"" OU ""RUA CAPITAO JUSTINO FERREIRA RAMOS"" - ""AVENIDA CURIO"" - ""AVENIDA ODILON GUIMARAES"" ATE OTAO JUSTINO FERREIRA RAMOS"" - ""AVENIDA CURIO"" - ""AVENIDA ODILON GUIMARAES"" ATE O PONTO INICIAL"
23;440;FORTALEZA;65;MESSEJANA;11;128;2;3;": DO PONTO INICIAL SEGUE PELA ""AVENIDA ODILON GUIMARAES"" - ""AVENIDA GUILHERME WLASSEN"" - ""RUA PASCOAL MOREIRA"" - ""TRAVESSA CAPRICHO"" ATE O PONTO INICIALASSEN"" - ""RUA PASCOAL MOREIRA"" - ""TRAVESSA CAPRICHO"" ATE O PONTO INICIALNaN"
23;440;FORTALEZA;65;MESSEJANA;11;129;2;3;": DO PONTO INICIAL SEGUE PELA ""RUA CAIO FACO"" - ""RUA PEDRO LOPES"" - ""RUA FEREIRA BARROS"" - ""RUA VILA NOVA"" - ""RUA SEM DENOMINACAO"" - ""AVENIDA ODILON GUIMARAES"" BARROS"" - ""RUA VILA NOVA"" - ""RUA SEM DENOMINACAO"" - ""AVENIDA ODILON GUIMARAES""- ""AVENIDA CURIO"" ATE O PONTO INICIAL"
23;440;FORTALEZA;65;MESSEJANA;11;130;2;3;": DO PONTO INICIAL SEGUE PELA ""AVENIDA ODILON GUIMARAES"" - ""RUA SEM DENOMINACAO"" - ""RUA VILA NOVA"" - ""RUA FERREIRA BARROS"" - ""RUA PEDRO LOPES"" ATE O PONTO INICI - ""RUA VILA NOVA"" - ""RUA FERREIRA BARROS"" - ""RUA PEDRO LOPES"" ATE O PONTO INICIAL"
23;440;FORTALEZA;65;MESSEJANA;11;131;2;3;": DO PONTO INICIAL SEGUE PELA ""RUA PEDRO LOPES"" ATE A ""RUA COSME DE ALMEIDA"" - ""RUA PROFESSOR JOSE HENRIQUE"" - ""RUA JOAO PEREIRA"" - ""AVENIDA ODILON GUIMARAES"" ARUA PROFESSOR JOSE HENRIQUE"" - ""RUA JOAO PEREIRA"" - ""AVENIDA ODILON GUIMARAES"" ATE O PONTO INICIAL"
23;440;FORTALEZA;65;MESSEJANA;11;132;2;2;": DO PONTO INICIAL SEGUE PELA ""RUA PEDRO LOPES"" - ""RUA CAIO FACO"" - ""RUA PROFESSOR JOSE HENRIQUE"" - ""RUA COSME DE ALMEIDA"" ATE O PONTO INICIAL"
23;440;FORTALEZA;65;MESSEJANA;11;133;2;3;": DO PONTO INICIAL SEGUE PELA ""RUA PROFESSOR JOSE HENRIQUE"" - ""ESTRADA GUJERU"" - ""RUA SAO FRANCISCO"" - ""RUA JOSE HIPOLITO"" - (CERCA DE ARAME) ""RUA JOAO PEREIRA"" ""RUA SAO FRANCISCO"" - ""RUA JOSE HIPOLITO"" - (CERCA DE ARAME) ""RUA JOAO PEREIRA"" ATE O PONTO INICIAL"
23;440;FORTALEZA;65;MESSEJANA;11;134;2;2;": DO PONTO INICIAL SEGUE ATE A ""RUA SANTA ROSA"" DAI ATE A ""RUA BARAO DE AQUIRAZ"" DAI ATE A ""RUA JOSE CAVALCANTE"" ATE O PONTO INICIAL"
23;440;FORTALEZA;65;MESSEJANA;11;135;2;2;": DO PONTO INICIAL SEGUE ATE PELO ""RIO COACU"" ATE A ""RUA BARAO DE AQUIRAZ"" DAI ATE A ""RUA SANTA ROSA"" ATE O PONTO INICIAL"
23;440;FORTALEZA;65;MESSEJANA;11;136;2;5;": DO PONTO INICIAL SEGUE PELA ""AVINIDA CURIO"" - ""RUA NELSON COELHO"" - ""RUA MARTINS DE ARAUJO"" - ""TRAVESSA TORINO"" - ""RIACHO DO SANGRADOURO DO ACUDE GUARANI"" - ""NS DE ARAUJO"" - ""TRAVESSA TORINO"" - ""RIACHO DO SANGRADOURO DO ACUDE GUARANI"" - ""RUA JOSE HIPOLITO"" - ""RUA SAO JOSE"" - ""RUA SAO FRANCISCO"" - ""ESTRADA DO GUAJERU""RUA JOSE HIPOLITO"" - ""RUA SAO JOSE"" - ""RUA SAO FRANCISCO"" - ""ESTRADA DO GUAJERU"" - ""RUA CAIO FACO"" - ""RUA JOSE BELCHIOR"" - ""RUA JOSE BONFIM JUNIOR"" - ""RUA PEDRO - ""RUA CAIO FACO"" - ""RUA JOSE BELCHIOR"" - ""RUA JOSE BONFIM JUNIOR"" - ""RUA PEDRO LOPES"" - ""RUA CAIO FACO"" ATE O PONTO INICIAL"
23;440;FORTALEZA;65;MESSEJANA;11;137;2;2;": DO PONTO INICIAL SEGUE PELA ""RUA PEDRO LOPES"" - ""RUA JOSE BONFIM JUNIOR"" - ""RUA JOSE BELCHIOR"" - ""RUA CAIO FACO"" ATE O PONTO INICIAL"""
23;440;FORTALEZA;65;MESSEJANA;11;138;2;3;": DO PONTO INICIAL SEGUE PELA ""RUA MURITIPUA"" - ""RUA CAJASEIRAS"" - ""RUA ELSA LEITE ALBUQUERQUE"" - ""TRAVESSA NENEM ARRUDA"" - ""AVINIDA CURIO"" - ""RUA CAPITAO JUSTITE ALBUQUERQUE"" - ""TRAVESSA NENEM ARRUDA"" - ""AVINIDA CURIO"" - ""RUA CAPITAO JUSTINO FERREIRA RAMOS"" ATE O PONTO INICIAL"
23;440;FORTALEZA;65;MESSEJANA;11;139;2;4;": DO PONTO INICIAL SEGUE PELA ""RUA JOSE ANDRE"" - ""ESTRADA JOSE SALES"" - ""RUA SAPICUA"" - ""AVENIDA CURIO"" - ""TRAVESSA NENEM ARRUDA"" - ""RUA ELZA LEITE ALBUQUERQUE""ICUA"" - ""AVENIDA CURIO"" - ""TRAVESSA NENEM ARRUDA"" - ""RUA ELZA LEITE ALBUQUERQUE"" - ""RUA CAJAZEIRAS"" - ""RUA MURITIPUA"" - ""RUA CAPITAO JUSTINO FERREIRA RAMOS"" - "" - ""RUA CAJAZEIRAS"" - ""RUA MURITIPUA"" - ""RUA CAPITAO JUSTINO FERREIRA RAMOS"" - ""AVENIDA ODILON GUIMARAES"" ATE O PONTO INICIAL"
23;440;FORTALEZA;65;MESSEJANA;11;140;2;3;": DO PONTO INICIAL SEGUE PELA ""AVENIDA MAESTRO LISBOA"" - ""AVENIDA RECREIO"" - ""AVENIDA CURIO"" - ""RUA SAPICUA"" - ""ESTRADA JOSE SALES"" - ""RUA JOSE ANDRE"" - ""AVENIDENIDA CURIO"" - ""RUA SAPICUA"" - ""ESTRADA JOSE SALES"" - ""RUA JOSE ANDRE"" - ""AVENIDA ODILON GUIMARAES"" ATE O PONTO INICIAL"
23;440;FORTALEZA;65;MESSEJANA;11;141;2;3;": DO PONTO INICIAL SEGUE PELA ""AVENIDA MAESTRO LISBOA"" ATE A PONTE SOBRE A ""LAGOA DA PRECABURA""(LIMITE INTERMUNICIPAL COM ""AQUIRAZ"") SEGUINDO PELA ""LAGOA"" ATE AA DA PRECABURA""(LIMITE INTERMUNICIPAL COM ""AQUIRAZ"") SEGUINDO PELA ""LAGOA"" ATE A CONFRONTACAO DA ""RUA DAS LARANJEIRAS"" - ""AVENIDA RECREIO"" ATE O PONTO INICIAL"
23;440;FORTALEZA;65;MESSEJANA;11;142;2;4;": DO PONTO INICIAL SEGUE PELA ""RUA DAS LARANJEIRAS"" DAI NUMA RETA ATE A ""LAGOA DA PRECABURA"" NO (LIMITE INTERMUNICIPAL COM AQUIRAZ) DAI SEGUE PELA LAGOA ATE A CA PRECABURA"" NO (LIMITE INTERMUNICIPAL COM AQUIRAZ) DAI SEGUE PELA LAGOA ATE A CONFRONTACAO DA ""RUA NELSON COELHO"" INDO ATE ESTA E POR ESTA ATE ""AVENIDA RECRE IONFRONTACAO DA ""RUA NELSON COELHO"" INDO ATE ESTA E POR ESTA ATE ""AVENIDA RECRE IO"" ATE O PONTO INICIAL"
23;440;FORTALEZA;65;MESSEJANA;11;143;2;5;": DO PONTO INICIAL SEGUE PELA ""RUA NELSON COELHO"" ATE A ""LAGOA DA PRECABURA"" (LIMITE INTERMUNICIPAL COM AQUIRAZ) SEGUINDO PELA MESMA ATE O ""RIO COACU"" SU BINDOMITE INTERMUNICIPAL COM AQUIRAZ) SEGUINDO PELA MESMA ATE O ""RIO COACU"" SU BINDOPOR ESTE ATE A ""RUA JOSE HIPOLITO"" OU ""ESTRADA DO FIO"" ATE O ""RIACHO DO SANGRADOPOR ESTE ATE A ""RUA JOSE HIPOLITO"" OU ""ESTRADA DO FIO"" ATE O ""RIACHO DO SANGRADOURO DO ACUDE GUARANI"" POR ESTE ATE A ""TRAVESSA TOURINO"" - ""RUA MARTINS ARAUJO"" AURO DO ACUDE GUARANI"" POR ESTE ATE A ""TRAVESSA TOURINO"" - ""RUA MARTINS ARAUJO"" ATE O PONTO INICIAL"
23;440;FORTALEZA;65;MESSEJANA;11;144;2;4;": DO PONTO INICIAL SEGUE PELA ""MARGEM DO OCEANO ATLANTICO"" - ""BARRA DO RIO PACOTI"" SEGUE PELO ""RIACHO GAMBOA DACUNHA"" DEPOIS PELA ""ESTRADA DA COFECO"" OU ""AVENIDI"" SEGUE PELO ""RIACHO GAMBOA DACUNHA"" DEPOIS PELA ""ESTRADA DA COFECO"" OU ""AVENIDA MAESTRO LISBOA"" DEPOIS PELA ""RUA FRANCISCO MATIAS"" DAI ATE A ""ESTRADA DA SABIAA MAESTRO LISBOA"" DEPOIS PELA ""RUA FRANCISCO MATIAS"" DAI ATE A ""ESTRADA DA SABIAGUABA"" ATE O PONTO INICIAL"
23;440;FORTALEZA;65;MESSEJANA;11;145;2;4;": DO PONTO INICIAL SEGUE ATE A ""RUA PADRE PEDRO ALENCAR"" DAI ATE A ""RUA MANOEL VIRINO"" DAI SEGUE PELA A ""ESTRADA VELHA DA PAUPINA"" DAI ATE A ""RUA MURARA"" DAI ATIRINO"" DAI SEGUE PELA A ""ESTRADA VELHA DA PAUPINA"" DAI ATE A ""RUA MURARA"" DAI ATE A ""ESTRADA VELHA DA PAUPINA"" DAI ATE A ""RUA JOAQUIM MACHADO"" ATE O PONTO INICIE A ""ESTRADA VELHA DA PAUPINA"" DAI ATE A ""RUA JOAQUIM MACHADO"" ATE O PONTO INICIAL"
23;440;FORTALEZA;65;MESSEJANA;11;146;2;3;": DO PONTO INICIAL SEGUE ATE A ""RUA BARAO DE AQUIRAZ"" DAI ATE A ""RUA CLEMENTE PEREIRA"" DAI ATE A ""RUA CORONEL GUILHERME DE ALENCAR"" ATE O PONTO INICIALREIRA"" DAI ATE A ""RUA CORONEL GUILHERME DE ALENCAR"" ATE O PONTO INICIALNaN"
23;440;FORTALEZA;65;MESSEJANA;11;147;2;4;": DO PONTO INICIAL SEGUE ATE A ""TRAVESSA OLIVEIRA CHAVES"" DAI ATE A ""RUA CORONEL GUILHERME DE ALENCAR"" DAI ATE A ""RUA CLEMENTE PEREIRA"" DAI ATE A ""RUA BARAO DE GUILHERME DE ALENCAR"" DAI ATE A ""RUA CLEMENTE PEREIRA"" DAI ATE A ""RUA BARAO DEAQUIRAZ"" DAI ATE A ""RUA LUIS XAVIER"" DAI ATE A ""RUA MANOEL VIRINO"" ATE O PONTO IAQUIRAZ"" DAI ATE A ""RUA LUIS XAVIER"" DAI ATE A ""RUA MANOEL VIRINO"" ATE O PONTO INICIAL"
23;440;FORTALEZA;65;MESSEJANA;11;148;2;3;": DO PONTO INICIAL SEGUE PELA ""BARAO DE AQUIRAZ"" ATE A ""RUA CORONEL LUIZ FIDELIS OU RUA SANTA LUCRECIA"" POR ESTA ATE A ""RUA TROPICAL"" DAI ATE A ""RUA MONTES VE OU RUA SANTA LUCRECIA"" POR ESTA ATE A ""RUA TROPICAL"" DAI ATE A ""RUA MONTES VERDES"" INDO ATE A ""RUA LUIZ XAVIER"" ATE O PONTO INICIAL"
23;440;FORTALEZA;65;MESSEJANA;11;149;2;7;": DO PONTO INICIAL SEGUE PELA ""RUA MANOEL VIRINO"" ATE A ""RUA LUIZ XAVIER"" POR  ESTA ATE A ""RUA MONTES VERDES"" DEPOIS PELA ""RUA TROPICAL"" INDO PELA ""RUA LUIZ  FISTA ATE A ""RUA MONTES VERDES"" DEPOIS PELA ""RUA TROPICAL"" INDO PELA ""RUA LUIZ  FIDELIS"" OU ""RUA SANTA LUCRECIA"" ATE A ""RUA BARAO DE AQUIRAZ"" DEPOIS ATE O  ""RIO CDELIS"" OU ""RUA SANTA LUCRECIA"" ATE A ""RUA BARAO DE AQUIRAZ"" DEPOIS ATE O  ""RIO CUACU"" ATE CONFRONTAR-SE COM A ""RUA 15"" POR ESTA ATE A ""RUA SEM  DENOMINACAO"" DEPUACU"" ATE CONFRONTAR-SE COM A ""RUA 15"" POR ESTA ATE A ""RUA SEM  DENOMINACAO"" DEPOIS PELA ""RUA DO CONTORNO OESTE"" POR ESTA ATE A ""RUA SEM  DENOMINACAO"" ATE A ""RUOIS PELA ""RUA DO CONTORNO OESTE"" POR ESTA ATE A ""RUA SEM  DENOMINACAO"" ATE A ""RUA ANTERO QUENTAL"" INDO ATE O PONTO INICIALA ANTERO QUENTAL"" INDO ATE O PONTO INICIALNaN"
23;440;FORTALEZA;65;MESSEJANA;11;150;2;2;": DO PONTO INICIAL SEGUE PELA ""RUA SEM DENOMINACAO"" = ""RUA 15"" - ""RUA DO CONTORNO SUL"" DEPOIS SEGUE PELA ""RUA 5"" ATE O PONTO INICIAL"
23;440;FORTALEZA;65;MESSEJANA;11;151;2;4;": DO PONTO INICIAL SEGUE PELA ""ESTRADA VELHA DA PAUPINA"" - ""RUA SEM DENOMINA CAO - AVENIDA DO CONTORNO OESTE"" - ""RUA SEM DENOMINACAO"" - ""RUA 5"" - ""AVENIDA  DO - AVENIDA DO CONTORNO OESTE"" - ""RUA SEM DENOMINACAO"" - ""RUA 5"" - ""AVENIDA  DO CONTORNO SUL"" INDO ATE O SEU FINAL - DAI SEGUE PELO ""RIO COACU"" ATE A "" RUA DUA CONTORNO SUL"" INDO ATE O SEU FINAL - DAI SEGUE PELO ""RIO COACU"" ATE A "" RUA DUARTE COELHO"" - ""RUA MIGUEL GUSTAVO"" - ""RUA JOAQUIM MACHADO"" ATE O PONTO INICIAL"
23;440;FORTALEZA;65;MESSEJANA;11;152;2;2;": DO PONTO INICIAL SUGUE ATE A ""RUA ANTERO QUENTAL"" DAI ATE A ""RUA DUARTE COELHO DAI ATE A BR 116"" ATE O PONTO INICIAL"
23;440;FORTALEZA;65;MESSEJANA;11;153;2;5;": DO PONTO INICIAL SEGUE ATE A ""RUA ANTERO QUENTAL"" DAI ATE A ""RUA JOAQUIM  MACHADO"" DAI ATE A ""RUA MIGUEL GUSTAVO"" DAI ATE A ""RUA DUARTE COELHO"" DAI  SEGUE PELADO"" DAI ATE A ""RUA MIGUEL GUSTAVO"" DAI ATE A ""RUA DUARTE COELHO"" DAI  SEGUE PELA ""MARGEM DO RIACHO CARRO QUEBRADO"" ATE A ""RUA DA PAZ"" DAI ATE A   ""RUA DA SAUDAA ""MARGEM DO RIACHO CARRO QUEBRADO"" ATE A ""RUA DA PAZ"" DAI ATE A   ""RUA DA SAUDADE"" DAI ATE A ""RUA 1 DO PARQUE ELIZABETH 2"" DAI ATE A ""RUA  PORTO FELIZ"" DAI ATEDE"" DAI ATE A ""RUA 1 DO PARQUE ELIZABETH 2"" DAI ATE A ""RUA  PORTO FELIZ"" DAI ATE A ""RUA 25 DE DEZEMBRO"" DAI ATE A ""BR 116"" ATE O PONTO  INICIAL"
23;440;FORTALEZA;65;MESSEJANA;11;154;2;3;": DO PONTO INICIAL SEGUE PELA ""RUA DA PAZ"" ATE A ""MARGEM DO RIACHO CARRO QUEBRADO"" POR ESTA ATE A ""CERCA DE ARAME"" DAI ATE O ""PLANALTO DO S"" ATE O PONTO INICIALO"" POR ESTA ATE A ""CERCA DE ARAME"" DAI ATE O ""PLANALTO DO S"" ATE O PONTO INICIALNaN"
23;440;FORTALEZA;65;MESSEJANA;11;155;2;4;": DO PONTO INICIAL SEGUE ATE A ""RUA PORTO FELIZ"" DAI ATE A ""RUA 1 DO PARQUE  ELIZABETH 2"" DAI ATE A ""RUA DA SAUDADE"" DAI ATE A ""RUA DA PAZ"" DAI ATE O  ""PLANALTOZABETH 2"" DAI ATE A ""RUA DA SAUDADE"" DAI ATE A ""RUA DA PAZ"" DAI ATE O  ""PLANALTO DO S"" DAI ATE A ""CERCA DE ARAME"" DAI SEGUE ATE A""MARGEM DO RIACHO  CARRO QUEBRA DO S"" DAI ATE A ""CERCA DE ARAME"" DAI SEGUE ATE A""MARGEM DO RIACHO  CARRO QUEBRADO"" DAI ATE A ""VIA 4  ANEL VIARIO"" DAI ATE A ""BR 116"" ATE O PONTO  INICIAL"
23;440;FORTALEZA;65;MESSEJANA;11;156;2;2;": DO PONTO INICIAL SEGUE ATE A""MARGEM DO RIACHO CARRO QUEBRADO"" POR ESTA ATE A ""BR 116"" DAI ATE O PONTO INICIAL"
23;440;FORTALEZA;65;MESSEJANA;11;157;2;4;": DO PONTO INICIAL SEGUE PELA ""RUA DO CRUZEIRO"" - ""BR 116"" - ""RUA ANDA LUZIA"" -RUA AGUATE - ""RUA TRAIRA"" - ""RUA CLAUDINA MARIA"" - ""RUA ANTONIO CONRADO"" DAI ERUA AGUATE - ""RUA TRAIRA"" - ""RUA CLAUDINA MARIA"" - ""RUA ANTONIO CONRADO"" DAI EM RETA ATE O ""ACUDE TAIRA"" CIRCUNDANDO O ACUDE ATE A ""TUBULACAO DA CAGECE"" PROSSM RETA ATE O ""ACUDE TAIRA"" CIRCUNDANDO O ACUDE ATE A ""TUBULACAO DA CAGECE"" PROSSEGUINDO ATE A ""ESTRADA DO SITIO SAO FRANCISCO"" DAI ATE O PONTO INICIAL"
23;440;FORTALEZA;65;MESSEJANA;11;158;2;8;": DO PONTO INICIAL SEGUE PELA ""RUA RAIMUNDO MATIAS"" ATE A ""RUA LUIZ BENTO""  PORESTA ATE A ""RUA JOAQUIM TRAJANA"" POR ESTA ATE A ""RUA PEREIRA COUTINHO""  POR ESTAESTA ATE A ""RUA JOAQUIM TRAJANA"" POR ESTA ATE A ""RUA PEREIRA COUTINHO""  POR ESTA ATE A ""RUA LUIZ REIS"" POR ESTA ATE A ""ESTRADA DO SITIO SAO  FRANCISCO"" POR ESTA ATE A ""RUA LUIZ REIS"" POR ESTA ATE A ""ESTRADA DO SITIO SAO  FRANCISCO"" POR ESTA ATE A ""TUBULACAO DA CAGECE"" INDO POR ESTA ATE O ""ACUDE  TAIRA"" SEGUE POR SUA MA ATE A ""TUBULACAO DA CAGECE"" INDO POR ESTA ATE O ""ACUDE  TAIRA"" SEGUE POR SUA MARGEM ESQUERDA ATE A CONFRONTACAO DA ""RUA ANTONIO  CONRADO"" DAI EM RETA ATE A CITRGEM ESQUERDA ATE A CONFRONTACAO DA ""RUA ANTONIO  CONRADO"" DAI EM RETA ATE A CITADA RUA INDO POR ESTA ATE A CONFRONTACAO DA  INCIDENCIA DA ""RUA LUIZ BENTO NA RUADA RUA INDO POR ESTA ATE A CONFRONTACAO DA  INCIDENCIA DA ""RUA LUIZ BENTO NA RUA ANDA LUZIA"" DAI EM RETA ATE A ""RUA ANDA  LUZIA"" POR ESTA ATE A ""BR 116"" E PORA ANDA LUZIA"" DAI EM RETA ATE A ""RUA ANDA  LUZIA"" POR ESTA ATE A ""BR 116"" E PORESTA ATE A ""RUA RAIMUNDO MATIAS PONTO  INICIAL"
23;440;FORTALEZA;65;MESSEJANA;11;159;2;4;": DO PONTO INICIAL SEGUE PELA ""RUA CLAUDINA MARIA"" ATE A ""RUA TRAPIA"" POR  ESTAATE A ""RUA AGUATE"" POR ESTA ATE A ""RUA ANDA LUZIA"" POR ESTA ATE O FINAL  DA ""RUAATE A ""RUA AGUATE"" POR ESTA ATE A ""RUA ANDA LUZIA"" POR ESTA ATE O FINAL  DA ""RUA LUIZ BENTO"" DAI EM RETA PARA A ""RUA ANTONIO CONRADO"" E POR ESTA ATE A  INCIDENC LUIZ BENTO"" DAI EM RETA PARA A ""RUA ANTONIO CONRADO"" E POR ESTA ATE A  INCIDENCIA DA ""RUA CLAUDINA MARIA"" PONTO INICIAL"
23;440;FORTALEZA;65;MESSEJANA;11;160;2;4;": DO PONTO INICIAL SEGUE PELA ""ESTRADA DO SITIO SAO FRANCISCO"" ATE A ""RUA   LUIZ REIS"" DAI EM RETA ATE O ""MORRO DO ANCURI"" NA ESTACAO DE ELEVACAO DA   CAGECE DA REIS"" DAI EM RETA ATE O ""MORRO DO ANCURI"" NA ESTACAO DE ELEVACAO DA   CAGECE DAI EM RETA PARA A INCIDENCIA DA ""RUA DA VACARIA DA CILA"" NA ""ESTRADA   DO ANCURI""I EM RETA PARA A INCIDENCIA DA ""RUA DA VACARIA DA CILA"" NA ""ESTRADA   DO ANCURI"" E POR ESTA ATE A ""ESTRADA PARA O SITIO SAO FRANCISCO"" PONTO   INICIAL"
23;440;FORTALEZA;65;MESSEJANA;11;161;2;3;": PONTO INICIAL SEGUE PELA ""RUA JURANDIR DE ALENCAR"" - ""RUA SAO LEOPOLDO"" - ""RUA DO CRUZEIRO: - ""ESTRADA DO SITIO SAO FRANCISCO"" - ""ESTRADA DO ANCURI"" ATE O PON DO CRUZEIRO: - ""ESTRADA DO SITIO SAO FRANCISCO"" - ""ESTRADA DO ANCURI"" ATE O PONTO INICIAL"
23;440;FORTALEZA;65;MESSEJANA;11;162;2;3;": DO PONTO INICIAL SEGUE PELA ""BR 116"" - ""RUA DO CRUZEIRO"" - ""RUA SAO LEOPOLDO""- ""RUA CORONEL ALIPIO DA CUNHA"" - ""RUA HONORATO SILVA"" - ""RUA BREJO SANTOS"" ATE- ""RUA CORONEL ALIPIO DA CUNHA"" - ""RUA HONORATO SILVA"" - ""RUA BREJO SANTOS"" ATEO PONTO INICIAL"
23;440;FORTALEZA;65;MESSEJANA;11;163;2;2;": DO PONTO INICIAL SEGUE PELA ""BR 116"" ATE A ""RUA BREJO SANTOS"" - ""RUA HONORATOSILVA"" - ""RUA CORONEL ALIPIO DA CUNHA"" ATE O PONTO INICIAL"
23;440;FORTALEZA;65;MESSEJANA;11;164;2;2;": DO PONTO INICIAL SEGUE PELA ""TRAVESSA SANTA MARIA"" ATE ""RUA GUILHERME DE ALMEIDA"" - ""TRAVESSA CAPUCHINHO"" - ""RUA HONORATO SILVA"" ATE PONTO INICIAL"
23;440;FORTALEZA;65;MESSEJANA;11;165;2;2;": DO PONTO INICIAL SEGUE PELA ""RUA JOSENO MONTEIRO"" ATE ""RUA MARIA QUINTINO"" - ""RUA JOSE MOREIRA GUARANI"" - ""RUA HONORIO MAIA"" ATE PONTO INICIAL"
23;440;FORTALEZA;65;MESSEJANA;11;166;2;5;": DO PONTO INICIAL SEGUE PELA ""RUA AUGUSTO BENEVIDES"" ATE ""RODOVIA BR-116"" ATE A ""RUA PEDRO DE SOUZA"" - ""RUA MARIA QUINTINO"" - "" RUA JOCENO MONTEIRO"" - ""RUA ONO ""RUA PEDRO DE SOUZA"" - ""RUA MARIA QUINTINO"" - "" RUA JOCENO MONTEIRO"" - ""RUA ONORIO MAIA"" - ""RUA JOSE MOREIRA GUARANI"" - ""RUA MARIA QUINTINO"" - ""RUA CORONEL ALIRIO MAIA"" - ""RUA JOSE MOREIRA GUARANI"" - ""RUA MARIA QUINTINO"" - ""RUA CORONEL ALIPIO CUNHA"" - ""RUA SAO LEOPOLDO"" - ""RUA LEONEL JURANDIR DE ALENCAR"" - ""ESTRADA DOPIO CUNHA"" - ""RUA SAO LEOPOLDO"" - ""RUA LEONEL JURANDIR DE ALENCAR"" - ""ESTRADA DO ANCURI"" - ATE O PONTO INICIAL."
23;440;FORTALEZA;65;MESSEJANA;11;167;2;2;": DO PONTO INICIAL SEGUE PELA ""RODOVIA BR-116"" ATE ""RUA AUGUSTO BENEVIDES"" ATE A ""ESTRADA DO ANCURI"" ATE O PONTO INICIAL"
23;440;FORTALEZA;65;MESSEJANA;11;168;2;2;": DO PONTO INICIAL SEGUE PELA ""RUA PADRE PEDRO ALENCAR"" ATE ""RODOVIA BR-116"" - ""ESTRADA DO ANCURI"" ATE PONTO INICIAL"
23;440;FORTALEZA;65;MESSEJANA;11;170;2;2;": DO PONTO INICIAL SEGUE PELA ""RUA PEDRO DE SOUZA"" ATE ""RODOVIA BR-116"" - ""RUA CORONEL ALIPIO DA CUNHA"" - ""RUA MARIA QUINTINO"" ATE PONTO INICIAL"
23;440;FORTALEZA;65;MESSEJANA;11;171;2;4;": DO PONTO INICIAL SEGUE ATE A ""RUA MANDACARU"" DAI ATE A ""RUA DO JUA"" DAI ATE ARUA JABORADI DAI ATE A""RUA CINCO"" DAI ATE A ""RUA DOMINGOS ALVES"" DAI ATE A ""RURUA JABORADI DAI ATE A""RUA CINCO"" DAI ATE A ""RUA DOMINGOS ALVES"" DAI ATE A ""RUA LAURO DE ANDRADE"" DAI ATE A ""RUA RECANTO VERDE"" DAI ATE A ""RUA VAL PARAISO""DAIA LAURO DE ANDRADE"" DAI ATE A ""RUA RECANTO VERDE"" DAI ATE A ""RUA VAL PARAISO""DAI ATE A ""RUA CAXAMBU"" ATE O PONTO INICIAL"
23;440;FORTALEZA;65;MESSEJANA;11;172;2;2;": DO PONTO INICIAL SEGUE ATE A ""RUA CAXAMBU"" DAI ATE A ""RUA VAL PARAISO"" DAI ATE A ""RUA CANGURU"" OU ""RUA DOURADO"" ATE O PONTO INICIAL"
23;440;FORTALEZA;65;MESSEJANA;11;173;2;3;": DO PONTO INICIAL SEGUE ATE A ""RUA CANGURU"" OU ""RUA DOURADO"" DAI ATE A ""RUA VAL PARAISO"" DAI ATE A ""RUA JOSE LINHARES"" OU ""RUA NILSON CANDEIA"" ATE O PONTO INIC PARAISO"" DAI ATE A ""RUA JOSE LINHARES"" OU ""RUA NILSON CANDEIA"" ATE O PONTO INICIAL"
23;440;FORTALEZA;65;MESSEJANA;11;174;2;2;": DO PONTO INICIAL SEGUE ATE A ""RUA JOSE LINHARES"" OU ""RUA NILSON CANDEIA"" DAI ATEA A ""RUA VAL PARAISO"" DAI ATEA ""RUA IRACEMA"" ATE O PONTO INICIAL"
23;440;FORTALEZA;65;MESSEJANA;11;175;2;6;": DO PONTO INICIAL SEGUE PELO O ""CAMINHO DO RIO COCO"" DAI SEGUE PELO O ""RIO  COCO"" ATE A ""AVENIDA PRESIDENTE COSTA E SILVA"" (PERIMENTRAL) DAI ATE A ""AV  CENTRALO"" ATE A ""AVENIDA PRESIDENTE COSTA E SILVA"" (PERIMENTRAL) DAI ATE A ""AV  CENTRAL DAI ATE A RUA 101"" DAI ATE A ""RUA 111"" DAI ATE A ""ÁAV DO  CONTORNO NORTE"" DAI DAI ATE A RUA 101"" DAI ATE A ""RUA 111"" DAI ATE A ""ÁAV DO  CONTORNO NORTE"" DAI ATE A ""AV DO CONTORNO OESTE"" DAI ATE A ""AV  CENTRAL"" DAI ATE A ""RUA JOSE LINHAR ATE A ""AV DO CONTORNO OESTE"" DAI ATE A ""AV  CENTRAL"" DAI ATE A ""RUA JOSE LINHARES"" DAI ATE A ""RUA IRACEMA"" ATE O  PONTO INICIALES"" DAI ATE A ""RUA IRACEMA"" ATE O  PONTO INICIALNaN"
23;440;FORTALEZA;65;MESSEJANA;11;176;2;9;": DO PONTO INICIAL SEGUE ATE A ""AV CONTORNO SUL"" DAI ATE A ""AV CONTORNO  LESTE""DAI ATE A ""AV PAISAGISTICA"" DAI ATE A ""AV CENTRAL"" DAI ATE A ""AVENIDA  PRESIDENTDAI ATE A ""AV PAISAGISTICA"" DAI ATE A ""AV CENTRAL"" DAI ATE A ""AVENIDA  PRESIDENTE COSTA E SILVA"" (PERIMENTRAL) DAI ATE A ""RUA 501"" DAI ATE A  ""RUA 503"" DAI ATEE COSTA E SILVA"" (PERIMENTRAL) DAI ATE A ""RUA 501"" DAI ATE A  ""RUA 503"" DAI ATEA ""RUA 513"" DAI ATE A ""RUA 511"" DAI ATE A ""RUA 501"" DAI  ATE A ""AV COSTA E SILVAA ""RUA 513"" DAI ATE A ""RUA 511"" DAI ATE A ""RUA 501"" DAI  ATE A ""AV COSTA E SILVA DAI ATE A RUA FRANCISCO ALVES RIBEIRO"" DAI ATE A  ""RUA DOMINGOS ALVES RIBEIRO DAI ATE A RUA FRANCISCO ALVES RIBEIRO"" DAI ATE A  ""RUA DOMINGOS ALVES RIBEIRO DAI ATE A RUA DOMINGOS ALVES"" DAI ATE A ""RUA  SEM DENOMINACAO"" DAI ATE A ""RUA DAI ATE A RUA DOMINGOS ALVES"" DAI ATE A ""RUA  SEM DENOMINACAO"" DAI ATE A ""RUA MANDACARU"" DAI ATE A ""RUA MACAMBIRA"" DAI ATE  A ""RUA DO PEREIRO"" DAI ATE A ""RUA MANDACARU"" DAI ATE A ""RUA MACAMBIRA"" DAI ATE  A ""RUA DO PEREIRO"" DAI ATE A ""RUA GAROA"" DAI ATE A ""RUA JAMACARU"" DAI ATE A  ""RUA DO JUA"" DAI ATE A ""RUA JERXELIM GAROA"" DAI ATE A ""RUA JAMACARU"" DAI ATE A  ""RUA DO JUA"" DAI ATE A ""RUA JERXELIM ATE O PONTO INICIAL
23;440;FORTALEZA;65;MESSEJANA;11;176;2;10;
23;440;FORTALEZA;65;MESSEJANA;11;176;3;1;: NADA A REGISTRAR
23;440;FORTALEZA;65;MESSEJANA;11;176;4;1;: NADA A REGISTRAR
23;440;FORTALEZA;65;MESSEJANA;11;177;1;1;: INCIDENCIA DA RUA JERXELIM"" COM A ""RUA DO JUA"""
23;440;FORTALEZA;65;MESSEJANA;11;177;2;3;": DO PONTO INICIAL SEGUE ATE A ""RUA JAMACARU"" DAI ATE A ""RUA GAROA"" DAI ATE A ""RUA JABORADI"" DAI ATE A ""RUA DO JUA"" DAI ATE A ""RUA MANDACARU"" DAI ATE A ""RUA JURUA JABORADI"" DAI ATE A ""RUA DO JUA"" DAI ATE A ""RUA MANDACARU"" DAI ATE A ""RUA JURIPEBA"" DAI ATE A ""RUA JERXELIM"" ATE O PONTO INICIAL"
23;440;FORTALEZA;65;MESSEJANA;11;178;2;5;": DO PONTO INICIAL SEGUE ATE A ""RUA MANDACARU"" DAI ATE A ""RUA SEM DENOMINACAO"" DAI ATE A ""RUA DOMINGOS ALVES"" DAI ATE A ""TRAVESSA PARAISONOPOLIS"" DAI ATE A ""RUAAI ATE A ""RUA DOMINGOS ALVES"" DAI ATE A ""TRAVESSA PARAISONOPOLIS"" DAI ATE A ""RUA RECANTO VERDE"" DAI ATE A ""RUA LAURO DE ANDRADE"" DAI ATE A ""RUA DOMINGOS ALVES"" RECANTO VERDE"" DAI ATE A ""RUA LAURO DE ANDRADE"" DAI ATE A ""RUA DOMINGOS ALVES""DAI ATE A ""RUA CINCO"" DAI ATE A ""RUA JABORADI"" DAI ATE A ""RUA GAROA"" DAI ATE A ""DAI ATE A ""RUA CINCO"" DAI ATE A ""RUA JABORADI"" DAI ATE A ""RUA GAROA"" DAI ATE A ""RUA DO PEREIRO"" ATE O PONTO INICIAL"
23;440;FORTALEZA;65;MESSEJANA;11;179;2;5;": DO PONTO INICIAL SEGUE PELA ""BR-116"" ATE A ""ESTRADA DO ANCURI"" - ""RUA SAO JOAO DO JANGURUSSU"" - ""RUA LAURO DE ANDRADE"" - ""RUA LUCIANO ALVES"" - ""RUA LAURO DE A DO JANGURUSSU"" - ""RUA LAURO DE ANDRADE"" - ""RUA LUCIANO ALVES"" - ""RUA LAURO DE ANDRADE"" - ""RUA RECANTO VERDE"" - ""TRAVESSA PARAISONOPOLIS"" - ""RUA DOMINGOS ALVES""NDRADE"" - ""RUA RECANTO VERDE"" - ""TRAVESSA PARAISONOPOLIS"" - ""RUA DOMINGOS ALVES"" - ""RUA DOMINGOS ALVES RIBEIRO"" - ""RUA FRANCISCO ALVES RIBEIRO"" - ""RUA PRESIDENT - ""RUA DOMINGOS ALVES RIBEIRO"" - ""RUA FRANCISCO ALVES RIBEIRO"" - ""RUA PRESIDENTE COSTA E SILVA"" ATE O PONTO INICIAL"
23;440;FORTALEZA;65;MESSEJANA;11;180;2;2;": DO PONTO INICIAL SEGUE PELA ""CERCA DE ARAME"" DEPOIS CONTINUA PELA ""CERCA DE ARAME"" RUMO OESTE ATE A ""RUA LUCIANO ALVES"" DAI ATE O PONTO INICIAL"
23;440;FORTALEZA;65;MESSEJANA;11;181;2;2;": DO PONTO INICIAL SEGUE PELA A ""CERCA DE ARAME"" ATE A ""RUA IRACEMA"" DAI ATE A ""RUA NUNES FEIJO"" DAI ATE A ""RUA RECANTO VERDE"" ATE O PONTO INICIAL"
23;440;FORTALEZA;65;MESSEJANA;11;182;2;3;": DO PONTO INICIAL SEGUE ATE A ""RUA IRACEMA"" DAI SEGUE PELA A ""CERCA DE ARAME"" ATE A ""RUA SAO JOAO DO JANGURUSSU"" DAI ATE A ""ESTRADA DO ANCURI"" DAI ATE A ""RUA RTE A ""RUA SAO JOAO DO JANGURUSSU"" DAI ATE A ""ESTRADA DO ANCURI"" DAI ATE A ""RUA RIO JORDAO"" DAI ATE A ""RUA JOVINO VERISSIMO"" ATE O PONTO INICIAL"
23;440;FORTALEZA;65;MESSEJANA;11;183;2;3;": DO PONTO INICIAL SEGUE ATE A ""RUA JOVINO VERISSIMO"" DAI ATE A ""RUA ITAGUASSU""DAI ATE O ""BECO DA PALMEIRA"" DAI ATE A ""RUA VAL PARAISO"" DAI ATE A ""RUA RECANTODAI ATE O ""BECO DA PALMEIRA"" DAI ATE A ""RUA VAL PARAISO"" DAI ATE A ""RUA RECANTOVERDE"" ATE O PONTO INICIAL"
23;440;FORTALEZA;65;MESSEJANA;11;184;2;3;": DO PONTO INICIAL SEGUE ATE A ""RUA RIO JORDAO"" DAI ATE A ""ESTRADA DO ANCURI"" DAI ATE O ""BECO DA PALMEIRA"" DAI ATE A ""RUA ITAGUACU"" ATE O PONTO INICIALI ATE O ""BECO DA PALMEIRA"" DAI ATE A ""RUA ITAGUACU"" ATE O PONTO INICIALNaN"
23;440;FORTALEZA;65;MESSEJANA;11;185;2;10;": DO PONTO INICIAL SEGUE PELA ""AV VAL PARAISO"" ATE A ""RUA CATOLE"" POR ESTA  ATEA ""RUA 44"" POR ESTA ATE A ""CERCA DO SR. BOLIVAR"" POR ESTA ATE A  ""AV VAL PARAISOA ""RUA 44"" POR ESTA ATE A ""CERCA DO SR. BOLIVAR"" POR ESTA ATE A  ""AV VAL PARAISO DAI ATE A ESTRADA DO ANCURI""  SEGUE PELA ""ESTRADA DO  ANCURI"" ATE O ""QUARTO A DAI ATE A ESTRADA DO ANCURI""  SEGUE PELA ""ESTRADA DO  ANCURI"" ATE O ""QUARTO ANEL VIARIO"" DAI ATE O PONTO DE  CRUZAMENTO DO ""QUARTO  ANEL VIARIO"" COM ""LIMITENEL VIARIO"" DAI ATE O PONTO DE  CRUZAMENTO DO ""QUARTO  ANEL VIARIO"" COM ""LIMITEINTERMUNICIPAL  FORTALEZA-PACATUBA"" DAI EM LINHA  RETA ATE ""RIO COCO"" DAI ATE AINTERMUNICIPAL  FORTALEZA-PACATUBA"" DAI EM LINHA  RETA ATE ""RIO COCO"" DAI ATE A CONFLUENCIA  COM O ""RIACHO TIMBO""(LIMITE  INTERMUNICIPAL COM PACATUBA-MARACANAU CONFLUENCIA  COM O ""RIACHO TIMBO""(LIMITE  INTERMUNICIPAL COM PACATUBA-MARACANAU-FORTALEZA).  DESTE PONTO SEGUE PELO RIO  COCO ATE O ""CAMINHO PARA O RIO COCO"" A-FORTALEZA).  DESTE PONTO SEGUE PELO RIO  COCO ATE O ""CAMINHO PARA O RIO COCO"" ATE A LINHA  RETA QUE SAI EM FRENTE  A""TRAVESSA SAO RAIMUNDO"" DAI ATE A ""TRAVESSATE A LINHA  RETA QUE SAI EM FRENTE  A""TRAVESSA SAO RAIMUNDO"" DAI ATE A ""TRAVESSA SAO  RAIMUNDO"" - ""RUA MAISA"" -  ""AVENIDA CAXAMBU"" - ""RUA SAO RAIMUNDO"" - ""RUA C SAO  RAIMUNDO"" - ""RUA MAISA"" -  ""AVENIDA CAXAMBU"" - ""RUA SAO RAIMUNDO"" - ""RUA CODO""  ATE O PONTO  INICIAL"
23;440;FORTALEZA;65;MESSEJANA;11;186;2;4;": DO PONTO INICIAL SEGUE PELA ""ESTRADA DO ANCURI"" ATE A +ENTRADA DA VACARIA DA CILA+ (EXCLUSIVE) LIMITE INTERMUNICIPAL FORTALEZA-PACATUBA. DESTE PONTO EM LINHAILA+ (EXCLUSIVE) LIMITE INTERMUNICIPAL FORTALEZA-PACATUBA. DESTE PONTO EM LINHARETA ATE O ""QUARTO ANEL VIARIO"" LIMITE INTERMUNICIPAL FORTALEZA-PACATUBA"" - ""QUARETA ATE O ""QUARTO ANEL VIARIO"" LIMITE INTERMUNICIPAL FORTALEZA-PACATUBA"" - ""QUARTO ANEL VIARIO"" ATE O PONTO INICIAL"
23;440;FORTALEZA;65;MESSEJANA;11;187;2;6;": DO PONTO INICIAL SEGUE ATE A ""RUA IRACEMA"" DAI ATE A ""RUA CANTAREIRA"" DAI ATEA ""RUA JOSE LINHARES"" 04 ""RUA NILSON CANDEIA"" DAI ATE A ""RUA MAISA"" DAI ATE A ""TA ""RUA JOSE LINHARES"" 04 ""RUA NILSON CANDEIA"" DAI ATE A ""RUA MAISA"" DAI ATE A ""TRAVESSA SAO RAIMUNDO"" DAI SEGUE EM UMA +RETA+ ATE O ""CAMINHO DO RIO COCO"" DAI ATRAVESSA SAO RAIMUNDO"" DAI SEGUE EM UMA +RETA+ ATE O ""CAMINHO DO RIO COCO"" DAI ATE O ""RIO COCO"" VAI PELO ""RIO COCO"" ATE UM CAMINHO QUE VAI ATE ""AVENIDA CENTRAL""E O ""RIO COCO"" VAI PELO ""RIO COCO"" ATE UM CAMINHO QUE VAI ATE ""AVENIDA CENTRAL""NA ALTURA DA ""RUA MAISA"" PELA ""AVENIDA CENTRAL"" ATE O PONTO INICIALNA ALTURA DA ""RUA MAISA"" PELA ""AVENIDA CENTRAL"" ATE O PONTO INICIALNaN"
23;440;FORTALEZA;65;MESSEJANA;11;188;2;4;": DO PONTO INICIAL SEGUE PELA ""RUA SILVINHA TELES"" ATE A ""RUA TERNURA"" - ""AVENIDA CENTRAL"" POR ESTA ATE A ALTURA DA ""RUA MAISA"" PEGA-SE O ""CAMINHO QUE VAI ATE OA CENTRAL"" POR ESTA ATE A ALTURA DA ""RUA MAISA"" PEGA-SE O ""CAMINHO QUE VAI ATE O RIO COCO"" POR ESTE RIO ATE UM ""CAMINHO QUE VAI ATE A ""AVENIDA CENTRAL"" NA ALTUR RIO COCO"" POR ESTE RIO ATE UM ""CAMINHO QUE VAI ATE A ""AVENIDA CENTRAL"" NA ALTURA DA ""RUA VAL PARAISO"" INDO POR ESTA ATE PONTO INICIAL"
23;440;FORTALEZA;65;MESSEJANA;11;190;2;3;": DO PONTO INICIAL SEGUE ATE A ""RUA DO COQUEIRO"" DAI ATE A ""RUA DALVA DE OLIVEIRA"" DAI ATE A ""RUA CANGURU"" OU ""RUA DOURADO"" DAI ATE A ""RUA SERRA AZUL"" DAI ATERA"" DAI ATE A ""RUA CANGURU"" OU ""RUA DOURADO"" DAI ATE A ""RUA SERRA AZUL"" DAI ATE A ""RUA IRACEMA"" ATE O PONTO INICIAL"
23;440;FORTALEZA;65;MESSEJANA;11;191;2;2;": DO PONTO INICIAL SEGUE ATE A ""RUA CODO"" DAI ATE A ""RUA DALVA DE OLIVEIRA"" DAIATE A ""RUA DO COQUEIRO"" ATE O PONTO INICIAL"
23;440;FORTALEZA;65;MESSEJANA;11;192;2;2;": DO PONTO INICIAL SEGUE ATE A ""RUA CODO"" DAI ATE A ""RUA ANGELA DINIZ"" DAI ATE A ""RUA DO COQUEIRO"" ATE O PONTO INICIAL"
23;440;FORTALEZA;65;MESSEJANA;11;193;2;3;": DO PONTO INICIAL SEGUE ATE A ""RUA ANGELA DINIZ"" DAI ATE A ""RUA CODO"" DAI ATE A ""RUA SAO RAIMUNDO"" DAI ATE A ""RUA CAXAMBU""  DAI ATE A ""RUA MAISA"" ATE O PONTO I ""RUA SAO RAIMUNDO"" DAI ATE A ""RUA CAXAMBU""  DAI ATE A ""RUA MAISA"" ATE O PONTO INICIAL"
23;440;FORTALEZA;65;MESSEJANA;11;194;2;3;": DO PONTO INICIAL SEGUE ATE A ""RUA DO COQUEIRO"" DAI ATE A ""RUA ANGELA DINIZ"" DAI ATE A ""TRAVESSA ISMAEL SILVA"" DAI ATE A ""RUA MAISA"" DAI ATE A ""RUA CANGURU"" ATI ATE A ""TRAVESSA ISMAEL SILVA"" DAI ATE A ""RUA MAISA"" DAI ATE A ""RUA CANGURU"" ATE O PONTO INICIAL"
23;440;FORTALEZA;65;MESSEJANA;11;195;2;3;": DO PONTO INICIAL SEGUE ATE A ""RUA CANGURU"" OU ""RUA DOURADO"" DAI ATE A ""RUA MAISA"" DAI ATE A ""RUA JOSE LINHARES"" OU ""RUA NILSON CANDEIA"" DAI ATE A ""RUA CANTARESA"" DAI ATE A ""RUA JOSE LINHARES"" OU ""RUA NILSON CANDEIA"" DAI ATE A ""RUA CANTAREIRA"" - ""RUA IRACEMA"" ATE O PONTO INICIAL"
23;440;FORTALEZA;65;MESSEJANA;11;196;2;2;": DO PONTO INICIAL SEGUE ATE A ""RUA CANGURU"" OU ""RUA DOURADO"" DAI ATE A ""RUA OSCARITO"" DAI ATE A ""RUA IRACEMA"" ATE O PONTO INICIAL"
23;440;FORTALEZA;65;MESSEJANA;11;197;2;2;": DO PONTO INICIAL SEGUE ATE A ""RUA CANGURU"" OU ""RUA DOURADO"" DAI ATE A ""RUA EVALDO BRAGA"" DAI ATE A ""RUA IRACEMA"" ATE O PONTO INICIAL"
23;440;FORTALEZA;65;MESSEJANA;11;198;2;3;": DO PONTO INICIAL SEGUE PELA ""RUA MANOEL CASTELO"" ""RUA F"" ""RUA B"" ""RUA H""  ""RUA D"" ""RUA G"" ""RUA JOSE HIPOLITO"" ""RUA JOSE CAVALCANTE SOBRINHO"" ""RUA BARAO  DE AQ D"" ""RUA G"" ""RUA JOSE HIPOLITO"" ""RUA JOSE CAVALCANTE SOBRINHO"" ""RUA BARAO  DE AQUIRAZ"" ""RUA ERNESTO MATOS"" DAI ATE O PONTO INICIAL"
23;440;FORTALEZA;65;MESSEJANA;11;199;2;3;": DO PONTO INICIAL SEGUE PELA ""RUA MANOEL CASTELO"" ATE A ""CERCA DE ARAME"" NA  CONFRONTACAO DA ""RUA JOAO PEREIRA"" SEGUE PELA CERCA ATE A ""RUA JOSE HIPOLITO""  ""RUNFRONTACAO DA ""RUA JOAO PEREIRA"" SEGUE PELA CERCA ATE A ""RUA JOSE HIPOLITO""  ""RUA G"" ""RUA D"" ""RUA H"" ""RUA B"" ""RUA F"" DAI ATE O PONTO INICIAL"
23;440;FORTALEZA;65;MESSEJANA;11;201;2;2;": DO PONTO INICIAL SEGUE PELA ""AV CENTRAL"" ATE A ""AV DO CONTORNO NORTE"" ""RUA  111"" ""RUA 101"" E DAI ATE O PONTO INICIAL"
23;440;FORTALEZA;65;MESSEJANA;11;202;2;2;": DO PONTO INICIAL SEGUE PELA ""AV CENTRAL"" ""RUA 208"" ""RUA 212"" ""AV DO  CONTORNONORTE"" DAI ATE O PONTO INICIAL"
23;440;FORTALEZA;65;MESSEJANA;11;203;2;2;": DO PONTO INICIAL SEGUE PELA ""AV CENTRAL"" ""AV A"" ""RUA 216"" ""RUA BULEVAR I""  ""RAU 212"" ""RUA 208"" DAI ATE O PONTO INICIAL"
23;440;FORTALEZA;65;MESSEJANA;11;204;2;2;": DO PONTO INICIAL SEGUE PELA ""AV CENTRAL"" ""RUA 307""RUA 315"" ""RUA BOLIVAR II""  ""RUA 325"" ""AV A"" DAI ATE O PONTO INICIAL"
23;440;FORTALEZA;65;MESSEJANA;11;205;2;2;": DO PONTO INICIAL SEGUE PELA ""AV CENTRAL"" ATE A ""AV DO CONTORNO OESTE"" ""RUA  321"" ""RUA 325"" ""RUA BOLIVAR II"" ""RUA 315"" ""RUA 307"" DAI ATE O PONTO INICIAL"
23;440;FORTALEZA;65;MESSEJANA;11;206;2;2;": DO PONTO INICIAL SEGUE PELA ""AV CONTORNO OESTE"" ""RUA BOLIVAR I"" ""RUA 216""  ""RUA 325"" ""RUA 321"" DAI ATE O PONTO INICIAL"
23;440;FORTALEZA;65;MESSEJANA;11;207;2;2;": DO PONTO INICIAL SEGUE PELA ""RUA 212"" ""RUA BOLIVAR I"" ""AV DO CONTORNO  OESTE""AV DO CONTORNO NORTE DAI ATE O PONTO INICIAL"
23;440;FORTALEZA;65;MESSEJANA;11;208;2;2;": DO PONTO INICIAL SEGUE PELA ""AV PAISAGISTICA""""RUA 408"" ""RUA 404"" ""RUA  BOLIVAR III"" ""RUA BOLIVAR I"" ""AV CENTRAL"" E DAI ATE O PONTO INICIAL"
23;440;FORTALEZA;65;MESSEJANA;11;209;2;2;": DO PONTO INICIAL SEGUE PELA ""AV PAISAGISTICA"" ""RUA 418"" ""AV DO CONTORNO  SUL""RUA BOLIVAR III ""RUA 404"" ""RUA 408"" E DAI ATE O PONTO INICIAL"
23;440;FORTALEZA;65;MESSEJANA;11;210;2;2;": DO PONTO INICIAL SEGUE PELA ""AV PAISAGISTICA"" ""AV CONTORNO LESTE"" ""AV  CONTORNO SUL"" ""RUA 418"" E DAI ATE O PONTO INICIAL"
23;440;FORTALEZA;65;MESSEJANA;11;211;2;2;": DO PONTO INICIAL SEGUE PELA ""AV A"" ""AV CONTORNO SUL"" ""AV CENTRAL"" E DAI ATE  O PONTO INICIAL"
23;440;FORTALEZA;65;MESSEJANA;11;212;2;2;": DO PONTO INICIAL SEGUE PELA ""RUA BOLIVAR I"" ""RUA BOLIVAR III"" ""AV DO  CONTORNO SUL"" ""AV A"" ""AV CENTRAL"" E DAI ATE O PONTO INICIAL"
23;440;FORTALEZA;65;MESSEJANA;11;213;2;2;": DO PONTO INICIAL SEGUE PELA ""RUA 501"" ""RUA 511"" ""RUA 513"" ""RUA 503"" E DAI  ATE O PONTO INICIAL"
23;440;FORTALEZA;65;MESSEJANA;11;214;2;2;": DO PONTO INICIAL SEGUE PELA ""AV CURIO"" ""RUA 5"" ""RUA 2"" ""RUA NELSON COELHO""  EDAI ATE O PONTO INICIAL"
23;440;FORTALEZA;65;MESSEJANA;11;215;2;2;": DO PONTO INICIAL SEGUE PELA ""RUA NELSON COELHO"" ""RUA 2"" ""RUA 5"" ""RUA LUIZA  GUIMARAES"" E DAI ATE O PONTO INICIAL"
23;440;FORTALEZA;65;MESSEJANA;11;216;2;2;": DO PONTO INICIAL SEGUE PELA ""AV B"" ATE A ""RUA 44"" POR ESTA ATE A ""RUA  CATOLE"" POR ESTA ATE A ""AV A OU VAL PARAISO"" PONTO INIUCIAL"
23;440;FORTALEZA;65;MESSEJANA;11;217;2;3;": DO PONTO INICIAL SEGUE PELA ""AV A OU VAL PARAISO"" ATE A ""RUA VERDE SETE""  CONTINUANDO PELA ""RUA 29"" ATE A ""RUA 44"" POR ESTA ATE A INCIDENCIA DA ""AV B""  E PORINUANDO PELA ""RUA 29"" ATE A ""RUA 44"" POR ESTA ATE A INCIDENCIA DA ""AV B""  E PORESTA ATE A ""AV A OU VAL PARAISO"" PONTO INICIAL"
23;440;FORTALEZA;65;MESSEJANA;11;218;2;3;"DO PONTO INICIAL SEGUE PELA ""AV A  OU VAL PARAISO"" ATE A ""RUA 12"" POR ESTA  ATE A ""RUA 25"" POR ESTA ATE A ""RUA 44"" POR ESTA ATE A ""RUA 29"" CONTINUA PELA  ""RUAE A ""RUA 25"" POR ESTA ATE A ""RUA 44"" POR ESTA ATE A ""RUA 29"" CONTINUA PELA  ""RUA VERDE 7"" ATE A INCIDENCIA DA ""AV A OU VAL PARAISO"" PONTO INICIAL"
23;440;FORTALEZA;65;MESSEJANA;11;219;2;5;": DO PONTO INICIAL SEGUE PELA ""AV A OU VAL PARAISO"" ATE A ""AV C"" POR ESTA ATE  A ""RUA 35"" POR ESTA ATE A ""RUA 14"" POR ESTA ATE A ""RUA 39"" POR ESTA ATE A ""AV  C"" ""RUA 35"" POR ESTA ATE A ""RUA 14"" POR ESTA ATE A ""RUA 39"" POR ESTA ATE A ""AV  C"" POR ESTA ATE A ""RUA 42"" POR ESTA ATE A ""RUA 22"" POR ESTA ATE A ""RUA 44""  POR ES POR ESTA ATE A ""RUA 42"" POR ESTA ATE A ""RUA 22"" POR ESTA ATE A ""RUA 44""  POR ESTA ATE A ""RUA 25"" CONTINUA PELA ""RUA 12"" ATE SUA INCIDENCIA COM A ""AV A  OU VALTA ATE A ""RUA 25"" CONTINUA PELA ""RUA 12"" ATE SUA INCIDENCIA COM A ""AV A  OU VALPARAISO"" PONTO INICIAL"
23;440;FORTALEZA;65;MESSEJANA;11;220;2;5;": DO PONTO INICIAL SEGUE PELA ""AV A OU VAL PARAISO"" ATE A ""CERCA DE  PROPRIEDADE DO SR. BOLIVAR"" SEGUE POR ESTA ATE A ""RUA 44"" POR ESTA ATE A ""RUA  22"" POR ESTA DO SR. BOLIVAR"" SEGUE POR ESTA ATE A ""RUA 44"" POR ESTA ATE A ""RUA  22"" POR ESTA ATE A ""RUA 42"" POR ESTA ATE A ""AV C"" POR ESTA ATE A ""RUA 39"" POR  ESTA ATE A ""R ATE A ""RUA 42"" POR ESTA ATE A ""AV C"" POR ESTA ATE A ""RUA 39"" POR  ESTA ATE A ""RUA 14"" POR ESTA ATE A ""RUA 35"" POR ESTA ATE A ""AV C"" POR ESTA  ATE A INCIDENCIAUA 14"" POR ESTA ATE A ""RUA 35"" POR ESTA ATE A ""AV C"" POR ESTA  ATE A INCIDENCIADA ""AV A OU VAL PARAISO"" PONTO INICIAL"
